SECUCODE,SECURITY_CODE,SECURITY_NAME_ABBR,ORG_CODE,REPORT_DATE,DATE_TYPE_CODE,FISCAL_YEAR,START_DATE,STD_ITEM_CODE,STD_ITEM_NAME,AMOUNT,股票名称
01270.HK,01270,朗廷-SS,10321431,2024-12-31 00:00:00,001,12-31,2024-01-01 00:00:00,001001,除税前溢利(业务利润),212716018.2,W
01270.HK,01270,朗廷-SS,10321431,2024-12-31 00:00:00,001,12-31,2024-01-01 00:00:00,001002,减:利息收入,3578218.56,W
01270.HK,01270,朗廷-SS,10321431,2024-12-31 00:00:00,001,12-31,2024-01-01 00:00:00,001003,加:利息支出,288810577.08,W
01270.HK,01270,朗廷-SS,10321431,2024-12-31 00:00:00,001,12-31,2024-01-01 00:00:00,001007,减:重估盈余,181345487.16,W
01270.HK,01270,朗廷-SS,10321431,2024-12-31 00:00:00,001,12-31,2024-01-01 00:00:00,001009,加:折旧及摊销,9958634.16,W
01270.HK,01270,朗廷-SS,10321431,2024-12-31 00:00:00,001,12-31,2024-01-01 00:00:00,001011,加:购股权开支,20372.88,W
01270.HK,01270,朗廷-SS,10321431,2024-12-31 00:00:00,001,12-31,2024-01-01 00:00:00,001997,加:经营调整其他项目,71243961.36,W
01270.HK,01270,朗廷-SS,10321431,2024-12-31 00:00:00,001,12-31,2024-01-01 00:00:00,001999,营运资金变动前经营溢利,397825857.96,W
01270.HK,01270,朗廷-SS,10321431,2024-12-31 00:00:00,001,12-31,2024-01-01 00:00:00,002002,应收帐款减少,10196626.44,W
01270.HK,01270,朗廷-SS,10321431,2024-12-31 00:00:00,001,12-31,2024-01-01 00:00:00,002004,应付帐款及应计费用增加(减少),-1014013.8,W
01270.HK,01270,朗廷-SS,10321431,2024-12-31 00:00:00,001,12-31,2024-01-01 00:00:00,002999,经营产生现金,407008470.6,W
01270.HK,01270,朗廷-SS,10321431,2024-12-31 00:00:00,001,12-31,2024-01-01 00:00:00,003002,已付利息(经营),289744025.4,W
01270.HK,01270,朗廷-SS,10321431,2024-12-31 00:00:00,001,12-31,2024-01-01 00:00:00,003003,已付税项,11001355.2,W
01270.HK,01270,朗廷-SS,10321431,2024-12-31 00:00:00,001,12-31,2024-01-01 00:00:00,003999,经营业务现金净额,106263090.0,W
01270.HK,01270,朗廷-SS,10321431,2024-12-31 00:00:00,001,12-31,2024-01-01 00:00:00,005001,已收利息(投资),3605073.72,W
01270.HK,01270,朗廷-SS,10321431,2024-12-31 00:00:00,001,12-31,2024-01-01 00:00:00,005005,购建固定资产,47503999.92,W
01270.HK,01270,朗廷-SS,10321431,2024-12-31 00:00:00,001,12-31,2024-01-01 00:00:00,005999,投资业务现金净额,-43898926.2,W
01270.HK,01270,朗廷-SS,10321431,2024-12-31 00:00:00,001,12-31,2024-01-01 00:00:00,006999,融资前现金净额,62364163.8,W
01270.HK,01270,朗廷-SS,10321431,2024-12-31 00:00:00,001,12-31,2024-01-01 00:00:00,007001,新增借款,134695296.12,W
01270.HK,01270,朗廷-SS,10321431,2024-12-31 00:00:00,001,12-31,2024-01-01 00:00:00,007003,已付利息(融资),35189.52,W
01270.HK,01270,朗廷-SS,10321431,2024-12-31 00:00:00,001,12-31,2024-01-01 00:00:00,007011,偿还融资租赁,994566.96,W
01270.HK,01270,朗廷-SS,10321431,2024-12-31 00:00:00,001,12-31,2024-01-01 00:00:00,007997,融资业务其他项目,-37782432.0,W
01270.HK,01270,朗廷-SS,10321431,2024-12-31 00:00:00,001,12-31,2024-01-01 00:00:00,007999,融资业务现金净额,95883107.64,W
01270.HK,01270,朗廷-SS,10321431,2024-12-31 00:00:00,001,12-31,2024-01-01 00:00:00,010999,现金净额,158247271.44,W
01270.HK,01270,朗廷-SS,10321431,2024-12-31 00:00:00,001,12-31,2024-01-01 00:00:00,011001,期初现金,113454716.64,W
01270.HK,01270,朗廷-SS,10321431,2024-12-31 00:00:00,001,12-31,2024-01-01 00:00:00,011999,期末现金,271701988.08,W
01270.HK,01270,朗廷-SS,10321431,2023-12-31 00:00:00,001,12-31,2023-01-01 00:00:00,001001,除税前溢利(业务利润),996698817.24,W
01270.HK,01270,朗廷-SS,10321431,2023-12-31 00:00:00,001,12-31,2023-01-01 00:00:00,001002,减:利息收入,8256570.42,W
01270.HK,01270,朗廷-SS,10321431,2023-12-31 00:00:00,001,12-31,2023-01-01 00:00:00,001003,加:利息支出,212937232.06,W
01270.HK,01270,朗廷-SS,10321431,2023-12-31 00:00:00,001,12-31,2023-01-01 00:00:00,001007,减:重估盈余,775931844.38,W
01270.HK,01270,朗廷-SS,10321431,2023-12-31 00:00:00,001,12-31,2023-01-01 00:00:00,001009,加:折旧及摊销,11084883.04,W
01270.HK,01270,朗廷-SS,10321431,2023-12-31 00:00:00,001,12-31,2023-01-01 00:00:00,001997,加:经营调整其他项目,57908364.22,W
01270.HK,01270,朗廷-SS,10321431,2023-12-31 00:00:00,001,12-31,2023-01-01 00:00:00,001999,营运资金变动前经营溢利,494440881.76,W
01270.HK,01270,朗廷-SS,10321431,2023-12-31 00:00:00,001,12-31,2023-01-01 00:00:00,002002,应收帐款减少,-28466182.64,W
01270.HK,01270,朗廷-SS,10321431,2023-12-31 00:00:00,001,12-31,2023-01-01 00:00:00,002004,应付帐款及应计费用增加(减少),23561.72,W
01270.HK,01270,朗廷-SS,10321431,2023-12-31 00:00:00,001,12-31,2023-01-01 00:00:00,002999,经营产生现金,465998260.84,W
01270.HK,01270,朗廷-SS,10321431,2023-12-31 00:00:00,001,12-31,2023-01-01 00:00:00,003002,已付利息(经营),206056303.6,W
01270.HK,01270,朗廷-SS,10321431,2023-12-31 00:00:00,001,12-31,2023-01-01 00:00:00,003003,已付税项,157682.28,W
01270.HK,01270,朗廷-SS,10321431,2023-12-31 00:00:00,001,12-31,2023-01-01 00:00:00,003999,经营业务现金净额,259784274.96,W
01270.HK,01270,朗廷-SS,10321431,2023-12-31 00:00:00,001,12-31,2023-01-01 00:00:00,005001,已收利息(投资),8905423.94,W
01270.HK,01270,朗廷-SS,10321431,2023-12-31 00:00:00,001,12-31,2023-01-01 00:00:00,005005,购建固定资产,50204588.0,W
01270.HK,01270,朗廷-SS,10321431,2023-12-31 00:00:00,001,12-31,2023-01-01 00:00:00,005999,投资业务现金净额,-41299164.06,W
01270.HK,01270,朗廷-SS,10321431,2023-12-31 00:00:00,001,12-31,2023-01-01 00:00:00,006999,融资前现金净额,218485110.9,W
01270.HK,01270,朗廷-SS,10321431,2023-12-31 00:00:00,001,12-31,2023-01-01 00:00:00,007001,新增借款,90622000.0,W
01270.HK,01270,朗廷-SS,10321431,2023-12-31 00:00:00,001,12-31,2023-01-01 00:00:00,007002,偿还借款,324293545.66,W
01270.HK,01270,朗廷-SS,10321431,2023-12-31 00:00:00,001,12-31,2023-01-01 00:00:00,007003,已付利息(融资),40779.9,W
01270.HK,01270,朗廷-SS,10321431,2023-12-31 00:00:00,001,12-31,2023-01-01 00:00:00,007004,已付股息(融资),86445232.02,W
01270.HK,01270,朗廷-SS,10321431,2023-12-31 00:00:00,001,12-31,2023-01-01 00:00:00,007011,偿还融资租赁,966936.74,W
01270.HK,01270,朗廷-SS,10321431,2023-12-31 00:00:00,001,12-31,2023-01-01 00:00:00,007997,融资业务其他项目,-8493093.84,W
01270.HK,01270,朗廷-SS,10321431,2023-12-31 00:00:00,001,12-31,2023-01-01 00:00:00,007999,融资业务现金净额,-329617588.16,W
01270.HK,01270,朗廷-SS,10321431,2023-12-31 00:00:00,001,12-31,2023-01-01 00:00:00,010999,现金净额,-111132477.26,W
01270.HK,01270,朗廷-SS,10321431,2023-12-31 00:00:00,001,12-31,2023-01-01 00:00:00,011001,期初现金,222158926.78,W
01270.HK,01270,朗廷-SS,10321431,2023-12-31 00:00:00,001,12-31,2023-01-01 00:00:00,011999,期末现金,111026449.52,W
01270.HK,01270,朗廷-SS,10321431,2022-12-31 00:00:00,001,12-31,2022-01-01 00:00:00,001001,除税前溢利(业务利润),411917168.18,W
01270.HK,01270,朗廷-SS,10321431,2022-12-31 00:00:00,001,12-31,2022-01-01 00:00:00,001003,加:利息支出,118634295.43,W
01270.HK,01270,朗廷-SS,10321431,2022-12-31 00:00:00,001,12-31,2022-01-01 00:00:00,001004,减:投资收益,2581550.3,W
01270.HK,01270,朗廷-SS,10321431,2022-12-31 00:00:00,001,12-31,2022-01-01 00:00:00,001007,减:重估盈余,269321798.27,W
01270.HK,01270,朗廷-SS,10321431,2022-12-31 00:00:00,001,12-31,2022-01-01 00:00:00,001008,减:出售资产之溢利,75034.68,W
01270.HK,01270,朗廷-SS,10321431,2022-12-31 00:00:00,001,12-31,2022-01-01 00:00:00,001009,加:折旧及摊销,11128357.66,W
01270.HK,01270,朗廷-SS,10321431,2022-12-31 00:00:00,001,12-31,2022-01-01 00:00:00,001997,加:经营调整其他项目,29610113.96,W
01270.HK,01270,朗廷-SS,10321431,2022-12-31 00:00:00,001,12-31,2022-01-01 00:00:00,001999,营运资金变动前经营溢利,299311551.98,W
01270.HK,01270,朗廷-SS,10321431,2022-12-31 00:00:00,001,12-31,2022-01-01 00:00:00,002002,应收帐款减少,7005023.34,W
01270.HK,01270,朗廷-SS,10321431,2022-12-31 00:00:00,001,12-31,2022-01-01 00:00:00,002004,应付帐款及应计费用增加(减少),-30371.18,W
01270.HK,01270,朗廷-SS,10321431,2022-12-31 00:00:00,001,12-31,2022-01-01 00:00:00,002999,经营产生现金,306286204.14,W
01270.HK,01270,朗廷-SS,10321431,2022-12-31 00:00:00,001,12-31,2022-01-01 00:00:00,003002,已付利息(经营),112794989.44,W
01270.HK,01270,朗廷-SS,10321431,2022-12-31 00:00:00,001,12-31,2022-01-01 00:00:00,003003,已付税项,29477.91,W
01270.HK,01270,朗廷-SS,10321431,2022-12-31 00:00:00,001,12-31,2022-01-01 00:00:00,003999,经营业务现金净额,193461736.79,W
01270.HK,01270,朗廷-SS,10321431,2022-12-31 00:00:00,001,12-31,2022-01-01 00:00:00,005001,已收利息(投资),1520345.54,W
01270.HK,01270,朗廷-SS,10321431,2022-12-31 00:00:00,001,12-31,2022-01-01 00:00:00,005005,购建固定资产,56441264.95,W
01270.HK,01270,朗廷-SS,10321431,2022-12-31 00:00:00,001,12-31,2022-01-01 00:00:00,005999,投资业务现金净额,-54920919.41,W
01270.HK,01270,朗廷-SS,10321431,2022-12-31 00:00:00,001,12-31,2022-01-01 00:00:00,006999,融资前现金净额,138540817.38,W
01270.HK,01270,朗廷-SS,10321431,2022-12-31 00:00:00,001,12-31,2022-01-01 00:00:00,007003,已付利息(融资),51809.66,W
01270.HK,01270,朗廷-SS,10321431,2022-12-31 00:00:00,001,12-31,2022-01-01 00:00:00,007004,已付股息(融资),78524685.89,W
01270.HK,01270,朗廷-SS,10321431,2022-12-31 00:00:00,001,12-31,2022-01-01 00:00:00,007011,偿还融资租赁,1037979.74,W
01270.HK,01270,朗廷-SS,10321431,2022-12-31 00:00:00,001,12-31,2022-01-01 00:00:00,007999,融资业务现金净额,-79614475.29,W
01270.HK,01270,朗廷-SS,10321431,2022-12-31 00:00:00,001,12-31,2022-01-01 00:00:00,010999,现金净额,58926342.09,W
01270.HK,01270,朗廷-SS,10321431,2022-12-31 00:00:00,001,12-31,2022-01-01 00:00:00,011001,期初现金,160057905.14,W
01270.HK,01270,朗廷-SS,10321431,2022-12-31 00:00:00,001,12-31,2022-01-01 00:00:00,011999,期末现金,218984247.23,W
01270.HK,01270,朗廷-SS,10321431,2021-12-31 00:00:00,001,12-31,2021-01-01 00:00:00,001001,除税前溢利(业务利润),-275709436.8,W
01270.HK,01270,朗廷-SS,10321431,2021-12-31 00:00:00,001,12-31,2021-01-01 00:00:00,001003,加:利息支出,84580720.0,W
01270.HK,01270,朗廷-SS,10321431,2021-12-31 00:00:00,001,12-31,2021-01-01 00:00:00,001004,减:投资收益,513452.8,W
01270.HK,01270,朗廷-SS,10321431,2021-12-31 00:00:00,001,12-31,2021-01-01 00:00:00,001007,减:重估盈余,-338006468.8,W
01270.HK,01270,朗廷-SS,10321431,2021-12-31 00:00:00,001,12-31,2021-01-01 00:00:00,001009,加:折旧及摊销,10729364.8,W
01270.HK,01270,朗廷-SS,10321431,2021-12-31 00:00:00,001,12-31,2021-01-01 00:00:00,001011,加:购股权开支,19622.4,W
01270.HK,01270,朗廷-SS,10321431,2021-12-31 00:00:00,001,12-31,2021-01-01 00:00:00,001997,加:经营调整其他项目,16801680.0,W
01270.HK,01270,朗廷-SS,10321431,2021-12-31 00:00:00,001,12-31,2021-01-01 00:00:00,001999,营运资金变动前经营溢利,173914966.4,W
01270.HK,01270,朗廷-SS,10321431,2021-12-31 00:00:00,001,12-31,2021-01-01 00:00:00,002002,应收帐款减少,-10556033.6,W
01270.HK,01270,朗廷-SS,10321431,2021-12-31 00:00:00,001,12-31,2021-01-01 00:00:00,002004,应付帐款及应计费用增加(减少),-6049422.4,W
01270.HK,01270,朗廷-SS,10321431,2021-12-31 00:00:00,001,12-31,2021-01-01 00:00:00,002999,经营产生现金,157309510.4,W
01270.HK,01270,朗廷-SS,10321431,2021-12-31 00:00:00,001,12-31,2021-01-01 00:00:00,003002,已付利息(经营),86205291.2,W
01270.HK,01270,朗廷-SS,10321431,2021-12-31 00:00:00,001,12-31,2021-01-01 00:00:00,003003,已付税项,-2313808.0,W
01270.HK,01270,朗廷-SS,10321431,2021-12-31 00:00:00,001,12-31,2021-01-01 00:00:00,003999,经营业务现金净额,73418027.2,W
01270.HK,01270,朗廷-SS,10321431,2021-12-31 00:00:00,001,12-31,2021-01-01 00:00:00,005001,已收利息(投资),493012.8,W
01270.HK,01270,朗廷-SS,10321431,2021-12-31 00:00:00,001,12-31,2021-01-01 00:00:00,005003,存款减少(增加),33521600.0,W
01270.HK,01270,朗廷-SS,10321431,2021-12-31 00:00:00,001,12-31,2021-01-01 00:00:00,005005,购建固定资产,55483971.2,W
01270.HK,01270,朗廷-SS,10321431,2021-12-31 00:00:00,001,12-31,2021-01-01 00:00:00,005999,投资业务现金净额,-21469358.4,W
01270.HK,01270,朗廷-SS,10321431,2021-12-31 00:00:00,001,12-31,2021-01-01 00:00:00,006999,融资前现金净额,51948668.8,W
01270.HK,01270,朗廷-SS,10321431,2021-12-31 00:00:00,001,12-31,2021-01-01 00:00:00,007002,偿还借款,81760000.0,W
01270.HK,01270,朗廷-SS,10321431,2021-12-31 00:00:00,001,12-31,2021-01-01 00:00:00,007003,已付利息(融资),84212.8,W
01270.HK,01270,朗廷-SS,10321431,2021-12-31 00:00:00,001,12-31,2021-01-01 00:00:00,007011,偿还融资租赁,1525641.6,W
01270.HK,01270,朗廷-SS,10321431,2021-12-31 00:00:00,001,12-31,2021-01-01 00:00:00,007999,融资业务现金净额,-83369854.4,W
01270.HK,01270,朗廷-SS,10321431,2021-12-31 00:00:00,001,12-31,2021-01-01 00:00:00,010999,现金净额,-31421185.6,W
01270.HK,01270,朗廷-SS,10321431,2021-12-31 00:00:00,001,12-31,2021-01-01 00:00:00,011001,期初现金,177920388.8,W
01270.HK,01270,朗廷-SS,10321431,2021-12-31 00:00:00,001,12-31,2021-01-01 00:00:00,011999,期末现金,146499203.2,W
01270.HK,01270,朗廷-SS,10321431,2020-12-31 00:00:00,001,12-31,2020-01-01 00:00:00,001001,除税前溢利(业务利润),-2379045271.92,W
01270.HK,01270,朗廷-SS,10321431,2020-12-31 00:00:00,001,12-31,2020-01-01 00:00:00,001002,减:利息收入,458693.8,W
01270.HK,01270,朗廷-SS,10321431,2020-12-31 00:00:00,001,12-31,2020-01-01 00:00:00,001003,加:利息支出,136794274.12,W
01270.HK,01270,朗廷-SS,10321431,2020-12-31 00:00:00,001,12-31,2020-01-01 00:00:00,001007,减:重估盈余,-2367271569.96,W
01270.HK,01270,朗廷-SS,10321431,2020-12-31 00:00:00,001,12-31,2020-01-01 00:00:00,001009,加:折旧及摊销,11049049.92,W
01270.HK,01270,朗廷-SS,10321431,2020-12-31 00:00:00,001,12-31,2020-01-01 00:00:00,001011,加:购股权开支,140553.88,W
01270.HK,01270,朗廷-SS,10321431,2020-12-31 00:00:00,001,12-31,2020-01-01 00:00:00,001997,加:经营调整其他项目,13376184.52,W
01270.HK,01270,朗廷-SS,10321431,2020-12-31 00:00:00,001,12-31,2020-01-01 00:00:00,001999,营运资金变动前经营溢利,149127666.68,W
01270.HK,01270,朗廷-SS,10321431,2020-12-31 00:00:00,001,12-31,2020-01-01 00:00:00,002002,应收帐款减少,5647404.4,W
01270.HK,01270,朗廷-SS,10321431,2020-12-31 00:00:00,001,12-31,2020-01-01 00:00:00,002004,应付帐款及应计费用增加(减少),6772677.08,W
01270.HK,01270,朗廷-SS,10321431,2020-12-31 00:00:00,001,12-31,2020-01-01 00:00:00,002999,经营产生现金,161547748.16,W
01270.HK,01270,朗廷-SS,10321431,2020-12-31 00:00:00,001,12-31,2020-01-01 00:00:00,003002,已付利息(经营),139957998.88,W
01270.HK,01270,朗廷-SS,10321431,2020-12-31 00:00:00,001,12-31,2020-01-01 00:00:00,003003,已付税项,11118064.4,W
01270.HK,01270,朗廷-SS,10321431,2020-12-31 00:00:00,001,12-31,2020-01-01 00:00:00,003999,经营业务现金净额,10471684.88,W
01270.HK,01270,朗廷-SS,10321431,2020-12-31 00:00:00,001,12-31,2020-01-01 00:00:00,005001,已收利息(投资),419136.72,W
01270.HK,01270,朗廷-SS,10321431,2020-12-31 00:00:00,001,12-31,2020-01-01 00:00:00,005003,存款减少(增加),-34507240.0,W
01270.HK,01270,朗廷-SS,10321431,2020-12-31 00:00:00,001,12-31,2020-01-01 00:00:00,005005,购建固定资产,21882.64,W
01270.HK,01270,朗廷-SS,10321431,2020-12-31 00:00:00,001,12-31,2020-01-01 00:00:00,005007,购建无形资产及其他资产,33046152.96,W
01270.HK,01270,朗廷-SS,10321431,2020-12-31 00:00:00,001,12-31,2020-01-01 00:00:00,005999,投资业务现金净额,-67156138.88,W
01270.HK,01270,朗廷-SS,10321431,2020-12-31 00:00:00,001,12-31,2020-01-01 00:00:00,007001,新增借款,63123000.0,W
01270.HK,01270,朗廷-SS,10321431,2020-12-31 00:00:00,001,12-31,2020-01-01 00:00:00,007002,偿还借款,681728400.0,W
01270.HK,01270,朗廷-SS,10321431,2020-12-31 00:00:00,001,12-31,2020-01-01 00:00:00,007003,已付利息(融资),130454.2,W
01270.HK,01270,朗廷-SS,10321431,2020-12-31 00:00:00,001,12-31,2020-01-01 00:00:00,007004,已付股息(融资),61394271.44,W
01270.HK,01270,朗廷-SS,10321431,2020-12-31 00:00:00,001,12-31,2020-01-01 00:00:00,007006,发行股份,857720373.84,W
01270.HK,01270,朗廷-SS,10321431,2020-12-31 00:00:00,001,12-31,2020-01-01 00:00:00,007011,偿还融资租赁,1493069.36,W
01270.HK,01270,朗廷-SS,10321431,2020-12-31 00:00:00,001,12-31,2020-01-01 00:00:00,007999,融资业务现金净额,176097178.84,W
01270.HK,01270,朗廷-SS,10321431,2020-12-31 00:00:00,001,12-31,2020-01-01 00:00:00,010999,现金净额,119412724.84,W
01270.HK,01270,朗廷-SS,10321431,2020-12-31 00:00:00,001,12-31,2020-01-01 00:00:00,011001,期初现金,63739080.48,W
01270.HK,01270,朗廷-SS,10321431,2020-12-31 00:00:00,001,12-31,2020-01-01 00:00:00,011999,期末现金,183151805.32,W
01270.HK,01270,朗廷-SS,10321431,2019-12-31 00:00:00,001,12-31,2019-01-01 00:00:00,001001,除税前溢利(业务利润),-2316700275.64,W
01270.HK,01270,朗廷-SS,10321431,2019-12-31 00:00:00,001,12-31,2019-01-01 00:00:00,001002,减:利息收入,77037.08,W
01270.HK,01270,朗廷-SS,10321431,2019-12-31 00:00:00,001,12-31,2019-01-01 00:00:00,001003,加:利息支出,170550241.54,W
01270.HK,01270,朗廷-SS,10321431,2019-12-31 00:00:00,001,12-31,2019-01-01 00:00:00,001007,减:重估盈余,-2511168738.96,W
01270.HK,01270,朗廷-SS,10321431,2019-12-31 00:00:00,001,12-31,2019-01-01 00:00:00,001009,加:折旧及摊销,23357463.5,W
01270.HK,01270,朗廷-SS,10321431,2019-12-31 00:00:00,001,12-31,2019-01-01 00:00:00,001011,加:购股权开支,258880.42,W
01270.HK,01270,朗廷-SS,10321431,2019-12-31 00:00:00,001,12-31,2019-01-01 00:00:00,001997,加:经营调整其他项目,48955272.78,W
01270.HK,01270,朗廷-SS,10321431,2019-12-31 00:00:00,001,12-31,2019-01-01 00:00:00,001999,营运资金变动前经营溢利,437513284.48,W
01270.HK,01270,朗廷-SS,10321431,2019-12-31 00:00:00,001,12-31,2019-01-01 00:00:00,002002,应收帐款减少,47661766.46,W
01270.HK,01270,朗廷-SS,10321431,2019-12-31 00:00:00,001,12-31,2019-01-01 00:00:00,002004,应付帐款及应计费用增加(减少),300086.3,W
01270.HK,01270,朗廷-SS,10321431,2019-12-31 00:00:00,001,12-31,2019-01-01 00:00:00,002999,经营产生现金,485475137.24,W
01270.HK,01270,朗廷-SS,10321431,2019-12-31 00:00:00,001,12-31,2019-01-01 00:00:00,003002,已付利息(经营),165474752.06,W
01270.HK,01270,朗廷-SS,10321431,2019-12-31 00:00:00,001,12-31,2019-01-01 00:00:00,003003,已付税项,154074.16,W
01270.HK,01270,朗廷-SS,10321431,2019-12-31 00:00:00,001,12-31,2019-01-01 00:00:00,003999,经营业务现金净额,319846311.02,W
01270.HK,01270,朗廷-SS,10321431,2019-12-31 00:00:00,001,12-31,2019-01-01 00:00:00,005001,已收利息(投资),77037.08,W
01270.HK,01270,朗廷-SS,10321431,2019-12-31 00:00:00,001,12-31,2019-01-01 00:00:00,005004,处置固定资产,4478.9,W
01270.HK,01270,朗廷-SS,10321431,2019-12-31 00:00:00,001,12-31,2019-01-01 00:00:00,005007,购建无形资产及其他资产,91115158.48,W
01270.HK,01270,朗廷-SS,10321431,2019-12-31 00:00:00,001,12-31,2019-01-01 00:00:00,005999,投资业务现金净额,-91033642.5,W
01270.HK,01270,朗廷-SS,10321431,2019-12-31 00:00:00,001,12-31,2019-01-01 00:00:00,007001,新增借款,6742536060.0,W
01270.HK,01270,朗廷-SS,10321431,2019-12-31 00:00:00,001,12-31,2019-01-01 00:00:00,007002,偿还借款,6575025200.0,W
01270.HK,01270,朗廷-SS,10321431,2019-12-31 00:00:00,001,12-31,2019-01-01 00:00:00,007004,已付股息(融资),366000479.74,W
01270.HK,01270,朗廷-SS,10321431,2019-12-31 00:00:00,001,12-31,2019-01-01 00:00:00,007997,融资业务其他项目,-40310100.0,W
01270.HK,01270,朗廷-SS,10321431,2019-12-31 00:00:00,001,12-31,2019-01-01 00:00:00,007999,融资业务现金净额,-238799719.74,W
01270.HK,01270,朗廷-SS,10321431,2019-12-31 00:00:00,001,12-31,2019-01-01 00:00:00,010999,现金净额,-9987051.22,W
01270.HK,01270,朗廷-SS,10321431,2019-12-31 00:00:00,001,12-31,2019-01-01 00:00:00,011001,期初现金,77826262.18,W
01270.HK,01270,朗廷-SS,10321431,2019-12-31 00:00:00,001,12-31,2019-01-01 00:00:00,011999,期末现金,67839210.96,W
01270.HK,01270,朗廷-SS,10321431,2018-12-31 00:00:00,001,12-31,2018-01-01 00:00:00,001001,除税前溢利(业务利润),850265356.2,W
01270.HK,01270,朗廷-SS,10321431,2018-12-31 00:00:00,001,12-31,2018-01-01 00:00:00,001002,减:利息收入,159468.4,W
01270.HK,01270,朗廷-SS,10321431,2018-12-31 00:00:00,001,12-31,2018-01-01 00:00:00,001003,加:利息支出,148932095.0,W
01270.HK,01270,朗廷-SS,10321431,2018-12-31 00:00:00,001,12-31,2018-01-01 00:00:00,001007,减:重估盈余,511724457.4,W
01270.HK,01270,朗廷-SS,10321431,2018-12-31 00:00:00,001,12-31,2018-01-01 00:00:00,001009,加:折旧及摊销,15780362.0,W
01270.HK,01270,朗廷-SS,10321431,2018-12-31 00:00:00,001,12-31,2018-01-01 00:00:00,001011,加:购股权开支,255850.4,W
01270.HK,01270,朗廷-SS,10321431,2018-12-31 00:00:00,001,12-31,2018-01-01 00:00:00,001997,加:经营调整其他项目,63202058.4,W
01270.HK,01270,朗廷-SS,10321431,2018-12-31 00:00:00,001,12-31,2018-01-01 00:00:00,001999,营运资金变动前经营溢利,566551796.2,W
01270.HK,01270,朗廷-SS,10321431,2018-12-31 00:00:00,001,12-31,2018-01-01 00:00:00,002002,应收帐款减少,35170668.0,W
01270.HK,01270,朗廷-SS,10321431,2018-12-31 00:00:00,001,12-31,2018-01-01 00:00:00,002004,应付帐款及应计费用增加(减少),-7077943.6,W
01270.HK,01270,朗廷-SS,10321431,2018-12-31 00:00:00,001,12-31,2018-01-01 00:00:00,002999,经营产生现金,594644520.6,W
01270.HK,01270,朗廷-SS,10321431,2018-12-31 00:00:00,001,12-31,2018-01-01 00:00:00,003002,已付利息(经营),148077800.0,W
01270.HK,01270,朗廷-SS,10321431,2018-12-31 00:00:00,001,12-31,2018-01-01 00:00:00,003003,已付税项,25518448.8,W
01270.HK,01270,朗廷-SS,10321431,2018-12-31 00:00:00,001,12-31,2018-01-01 00:00:00,003999,经营业务现金净额,421048271.8,W
01270.HK,01270,朗廷-SS,10321431,2018-12-31 00:00:00,001,12-31,2018-01-01 00:00:00,005001,已收利息(投资),159468.4,W
01270.HK,01270,朗廷-SS,10321431,2018-12-31 00:00:00,001,12-31,2018-01-01 00:00:00,005007,购建无形资产及其他资产,212559986.6,W
01270.HK,01270,朗廷-SS,10321431,2018-12-31 00:00:00,001,12-31,2018-01-01 00:00:00,005999,投资业务现金净额,-212400518.2,W
01270.HK,01270,朗廷-SS,10321431,2018-12-31 00:00:00,001,12-31,2018-01-01 00:00:00,007001,新增借款,144573000.0,W
01270.HK,01270,朗廷-SS,10321431,2018-12-31 00:00:00,001,12-31,2018-01-01 00:00:00,007004,已付股息(融资),365658412.6,W
01270.HK,01270,朗廷-SS,10321431,2018-12-31 00:00:00,001,12-31,2018-01-01 00:00:00,007999,融资业务现金净额,-221085412.6,W
01270.HK,01270,朗廷-SS,10321431,2018-12-31 00:00:00,001,12-31,2018-01-01 00:00:00,010999,现金净额,-12437659.0,W
01270.HK,01270,朗廷-SS,10321431,2018-12-31 00:00:00,001,12-31,2018-01-01 00:00:00,011001,期初现金,88562791.2,W
01270.HK,01270,朗廷-SS,10321431,2018-12-31 00:00:00,001,12-31,2018-01-01 00:00:00,011999,期末现金,76125132.2,W
01270.HK,01270,朗廷-SS,10321431,2017-12-31 00:00:00,001,12-31,2017-01-01 00:00:00,001001,除税前溢利(业务利润),1022625544.88,W
01270.HK,01270,朗廷-SS,10321431,2017-12-31 00:00:00,001,12-31,2017-01-01 00:00:00,001002,减:利息收入,1536402.58,W
01270.HK,01270,朗廷-SS,10321431,2017-12-31 00:00:00,001,12-31,2017-01-01 00:00:00,001003,加:利息支出,112280267.11,W
01270.HK,01270,朗廷-SS,10321431,2017-12-31 00:00:00,001,12-31,2017-01-01 00:00:00,001007,减:重估盈余,672751234.83,W
01270.HK,01270,朗廷-SS,10321431,2017-12-31 00:00:00,001,12-31,2017-01-01 00:00:00,001009,加:折旧及摊销,15054739.1,W
01270.HK,01270,朗廷-SS,10321431,2017-12-31 00:00:00,001,12-31,2017-01-01 00:00:00,001011,加:购股权开支,161330.63,W
01270.HK,01270,朗廷-SS,10321431,2017-12-31 00:00:00,001,12-31,2017-01-01 00:00:00,001997,加:经营调整其他项目,57658564.07,W
01270.HK,01270,朗廷-SS,10321431,2017-12-31 00:00:00,001,12-31,2017-01-01 00:00:00,001999,营运资金变动前经营溢利,533492808.38,W
01270.HK,01270,朗廷-SS,10321431,2017-12-31 00:00:00,001,12-31,2017-01-01 00:00:00,002002,应收帐款减少,4654346.88,W
01270.HK,01270,朗廷-SS,10321431,2017-12-31 00:00:00,001,12-31,2017-01-01 00:00:00,002004,应付帐款及应计费用增加(减少),3539242.94,W
01270.HK,01270,朗廷-SS,10321431,2017-12-31 00:00:00,001,12-31,2017-01-01 00:00:00,002999,经营产生现金,541686398.2,W
01270.HK,01270,朗廷-SS,10321431,2017-12-31 00:00:00,001,12-31,2017-01-01 00:00:00,003002,已付利息(经营),108955853.04,W
01270.HK,01270,朗廷-SS,10321431,2017-12-31 00:00:00,001,12-31,2017-01-01 00:00:00,003003,已付税项,45559602.73,W
01270.HK,01270,朗廷-SS,10321431,2017-12-31 00:00:00,001,12-31,2017-01-01 00:00:00,003999,经营业务现金净额,387170942.43,W
01270.HK,01270,朗廷-SS,10321431,2017-12-31 00:00:00,001,12-31,2017-01-01 00:00:00,005001,已收利息(投资),1650086.34,W
01270.HK,01270,朗廷-SS,10321431,2017-12-31 00:00:00,001,12-31,2017-01-01 00:00:00,005005,购建固定资产,14210.47,W
01270.HK,01270,朗廷-SS,10321431,2017-12-31 00:00:00,001,12-31,2017-01-01 00:00:00,005007,购建无形资产及其他资产,99887065.45,W
01270.HK,01270,朗廷-SS,10321431,2017-12-31 00:00:00,001,12-31,2017-01-01 00:00:00,005999,投资业务现金净额,-98251189.58,W
01270.HK,01270,朗廷-SS,10321431,2017-12-31 00:00:00,001,12-31,2017-01-01 00:00:00,007004,已付股息(融资),403771279.12,W
01270.HK,01270,朗廷-SS,10321431,2017-12-31 00:00:00,001,12-31,2017-01-01 00:00:00,007999,融资业务现金净额,-403771279.12,W
01270.HK,01270,朗廷-SS,10321431,2017-12-31 00:00:00,001,12-31,2017-01-01 00:00:00,010999,现金净额,-114851526.27,W
01270.HK,01270,朗廷-SS,10321431,2017-12-31 00:00:00,001,12-31,2017-01-01 00:00:00,011001,期初现金,199341965.43,W
01270.HK,01270,朗廷-SS,10321431,2017-12-31 00:00:00,001,12-31,2017-01-01 00:00:00,011999,期末现金,84490439.16,W
01270.HK,01270,朗廷-SS,10321431,2016-12-31 00:00:00,001,12-31,2016-01-01 00:00:00,001001,除税前溢利(业务利润),440876249.19,W
01270.HK,01270,朗廷-SS,10321431,2016-12-31 00:00:00,001,12-31,2016-01-01 00:00:00,001002,减:利息收入,1419587.37,W
01270.HK,01270,朗廷-SS,10321431,2016-12-31 00:00:00,001,12-31,2016-01-01 00:00:00,001003,加:利息支出,83134864.89,W
01270.HK,01270,朗廷-SS,10321431,2016-12-31 00:00:00,001,12-31,2016-01-01 00:00:00,001007,减:重估盈余,25209080.82,W
01270.HK,01270,朗廷-SS,10321431,2016-12-31 00:00:00,001,12-31,2016-01-01 00:00:00,001009,加:折旧及摊销,21993317.37,W
01270.HK,01270,朗廷-SS,10321431,2016-12-31 00:00:00,001,12-31,2016-01-01 00:00:00,001011,加:购股权开支,74244.33,W
01270.HK,01270,朗廷-SS,10321431,2016-12-31 00:00:00,001,12-31,2016-01-01 00:00:00,001997,加:经营调整其他项目,62632695.69,W
01270.HK,01270,朗廷-SS,10321431,2016-12-31 00:00:00,001,12-31,2016-01-01 00:00:00,001999,营运资金变动前经营溢利,582082703.28,W
01270.HK,01270,朗廷-SS,10321431,2016-12-31 00:00:00,001,12-31,2016-01-01 00:00:00,002002,应收帐款减少,-5016412.08,W
01270.HK,01270,朗廷-SS,10321431,2016-12-31 00:00:00,001,12-31,2016-01-01 00:00:00,002004,应付帐款及应计费用增加(减少),-1001851.2,W
01270.HK,01270,朗廷-SS,10321431,2016-12-31 00:00:00,001,12-31,2016-01-01 00:00:00,002999,经营产生现金,576064440.0,W
01270.HK,01270,朗廷-SS,10321431,2016-12-31 00:00:00,001,12-31,2016-01-01 00:00:00,003002,已付利息(经营),81893285.01,W
01270.HK,01270,朗廷-SS,10321431,2016-12-31 00:00:00,001,12-31,2016-01-01 00:00:00,003003,已付税项,245990.25,W
01270.HK,01270,朗廷-SS,10321431,2016-12-31 00:00:00,001,12-31,2016-01-01 00:00:00,003999,经营业务现金净额,493925164.74,W
01270.HK,01270,朗廷-SS,10321431,2016-12-31 00:00:00,001,12-31,2016-01-01 00:00:00,005001,已收利息(投资),1925880.03,W
01270.HK,01270,朗廷-SS,10321431,2016-12-31 00:00:00,001,12-31,2016-01-01 00:00:00,005003,存款减少(增加),53727848.64,W
01270.HK,01270,朗廷-SS,10321431,2016-12-31 00:00:00,001,12-31,2016-01-01 00:00:00,005005,购建固定资产,7156.08,W
01270.HK,01270,朗廷-SS,10321431,2016-12-31 00:00:00,001,12-31,2016-01-01 00:00:00,005007,购建无形资产及其他资产,58505426.55,W
01270.HK,01270,朗廷-SS,10321431,2016-12-31 00:00:00,001,12-31,2016-01-01 00:00:00,005999,投资业务现金净额,-2858853.96,W
01270.HK,01270,朗廷-SS,10321431,2016-12-31 00:00:00,001,12-31,2016-01-01 00:00:00,007004,已付股息(融资),431724517.38,W
01270.HK,01270,朗廷-SS,10321431,2016-12-31 00:00:00,001,12-31,2016-01-01 00:00:00,007997,融资业务其他项目,-64404720.0,W
01270.HK,01270,朗廷-SS,10321431,2016-12-31 00:00:00,001,12-31,2016-01-01 00:00:00,007999,融资业务现金净额,-496129237.38,W
01270.HK,01270,朗廷-SS,10321431,2016-12-31 00:00:00,001,12-31,2016-01-01 00:00:00,010999,现金净额,-5062926.6,W
01270.HK,01270,朗廷-SS,10321431,2016-12-31 00:00:00,001,12-31,2016-01-01 00:00:00,011001,期初现金,218379409.83,W
01270.HK,01270,朗廷-SS,10321431,2016-12-31 00:00:00,001,12-31,2016-01-01 00:00:00,011999,期末现金,213316483.23,W
01270.HK,01270,朗廷-SS,10321431,2015-12-31 00:00:00,001,12-31,2015-01-01 00:00:00,001001,除税前溢利(业务利润),1272453775.2,W
01270.HK,01270,朗廷-SS,10321431,2015-12-31 00:00:00,001,12-31,2015-01-01 00:00:00,001002,减:利息收入,7702549.32,W
01270.HK,01270,朗廷-SS,10321431,2015-12-31 00:00:00,001,12-31,2015-01-01 00:00:00,001003,加:利息支出,81677685.54,W
01270.HK,01270,朗廷-SS,10321431,2015-12-31 00:00:00,001,12-31,2015-01-01 00:00:00,001007,减:重估盈余,920747028.96,W
01270.HK,01270,朗廷-SS,10321431,2015-12-31 00:00:00,001,12-31,2015-01-01 00:00:00,001009,加:折旧及摊销,28489546.68,W
01270.HK,01270,朗廷-SS,10321431,2015-12-31 00:00:00,001,12-31,2015-01-01 00:00:00,001010,减:汇兑收益,-7244283.66,W
01270.HK,01270,朗廷-SS,10321431,2015-12-31 00:00:00,001,12-31,2015-01-01 00:00:00,001011,加:购股权开支,109749.18,W
01270.HK,01270,朗廷-SS,10321431,2015-12-31 00:00:00,001,12-31,2015-01-01 00:00:00,001997,加:经营调整其他项目,56812375.14,W
01270.HK,01270,朗廷-SS,10321431,2015-12-31 00:00:00,001,12-31,2015-01-01 00:00:00,001999,营运资金变动前经营溢利,518337837.12,W
01270.HK,01270,朗廷-SS,10321431,2015-12-31 00:00:00,001,12-31,2015-01-01 00:00:00,002002,应收帐款减少,-51483256.56,W
01270.HK,01270,朗廷-SS,10321431,2015-12-31 00:00:00,001,12-31,2015-01-01 00:00:00,002004,应付帐款及应计费用增加(减少),-4604438.88,W
01270.HK,01270,朗廷-SS,10321431,2015-12-31 00:00:00,001,12-31,2015-01-01 00:00:00,002999,经营产生现金,462250141.68,W
01270.HK,01270,朗廷-SS,10321431,2015-12-31 00:00:00,001,12-31,2015-01-01 00:00:00,003002,已付利息(经营),81680198.88,W
01270.HK,01270,朗廷-SS,10321431,2015-12-31 00:00:00,001,12-31,2015-01-01 00:00:00,003003,已付税项,12545755.5,W
01270.HK,01270,朗廷-SS,10321431,2015-12-31 00:00:00,001,12-31,2015-01-01 00:00:00,003999,经营业务现金净额,368024187.3,W
01270.HK,01270,朗廷-SS,10321431,2015-12-31 00:00:00,001,12-31,2015-01-01 00:00:00,005001,已收利息(投资),7973152.26,W
01270.HK,01270,朗廷-SS,10321431,2015-12-31 00:00:00,001,12-31,2015-01-01 00:00:00,005003,存款减少(增加),-53617.92,W
01270.HK,01270,朗廷-SS,10321431,2015-12-31 00:00:00,001,12-31,2015-01-01 00:00:00,005007,购建无形资产及其他资产,227613934.86,W
01270.HK,01270,朗廷-SS,10321431,2015-12-31 00:00:00,001,12-31,2015-01-01 00:00:00,005999,投资业务现金净额,-219694400.52,W
01270.HK,01270,朗廷-SS,10321431,2015-12-31 00:00:00,001,12-31,2015-01-01 00:00:00,007004,已付股息(融资),430215947.82,W
01270.HK,01270,朗廷-SS,10321431,2015-12-31 00:00:00,001,12-31,2015-01-01 00:00:00,007999,融资业务现金净额,-430215947.82,W
01270.HK,01270,朗廷-SS,10321431,2015-12-31 00:00:00,001,12-31,2015-01-01 00:00:00,010999,现金净额,-281886161.04,W
01270.HK,01270,朗廷-SS,10321431,2015-12-31 00:00:00,001,12-31,2015-01-01 00:00:00,011001,期初现金,493660189.44,W
01270.HK,01270,朗廷-SS,10321431,2015-12-31 00:00:00,001,12-31,2015-01-01 00:00:00,011997,期间变动其他项目,-7244283.66,W
01270.HK,01270,朗廷-SS,10321431,2015-12-31 00:00:00,001,12-31,2015-01-01 00:00:00,011999,期末现金,204529744.74,W
01270.HK,01270,朗廷-SS,10321431,2014-12-31 00:00:00,001,12-31,2014-01-01 00:00:00,001001,除税前溢利(业务利润),508101700.56,W
01270.HK,01270,朗廷-SS,10321431,2014-12-31 00:00:00,001,12-31,2014-01-01 00:00:00,001002,减:利息收入,15235446.31,W
01270.HK,01270,朗廷-SS,10321431,2014-12-31 00:00:00,001,12-31,2014-01-01 00:00:00,001003,加:利息支出,76151198.84,W
01270.HK,01270,朗廷-SS,10321431,2014-12-31 00:00:00,001,12-31,2014-01-01 00:00:00,001007,减:重估盈余,122715039.46,W
01270.HK,01270,朗廷-SS,10321431,2014-12-31 00:00:00,001,12-31,2014-01-01 00:00:00,001009,加:折旧及摊销,26824735.48,W
01270.HK,01270,朗廷-SS,10321431,2014-12-31 00:00:00,001,12-31,2014-01-01 00:00:00,001010,减:汇兑收益,-9574515.19,W
01270.HK,01270,朗廷-SS,10321431,2014-12-31 00:00:00,001,12-31,2014-01-01 00:00:00,001997,加:经营调整其他项目,59715092.39,W
01270.HK,01270,朗廷-SS,10321431,2014-12-31 00:00:00,001,12-31,2014-01-01 00:00:00,001999,营运资金变动前经营溢利,542416756.69,W
01270.HK,01270,朗廷-SS,10321431,2014-12-31 00:00:00,001,12-31,2014-01-01 00:00:00,002002,应收帐款减少,61643090.67,W
01270.HK,01270,朗廷-SS,10321431,2014-12-31 00:00:00,001,12-31,2014-01-01 00:00:00,002004,应付帐款及应计费用增加(减少),1592728.53,W
01270.HK,01270,朗廷-SS,10321431,2014-12-31 00:00:00,001,12-31,2014-01-01 00:00:00,002999,经营产生现金,605652575.89,W
01270.HK,01270,朗廷-SS,10321431,2014-12-31 00:00:00,001,12-31,2014-01-01 00:00:00,003002,已付利息(经营),76148043.36,W
01270.HK,01270,朗廷-SS,10321431,2014-12-31 00:00:00,001,12-31,2014-01-01 00:00:00,003003,已付税项,19341514.66,W
01270.HK,01270,朗廷-SS,10321431,2014-12-31 00:00:00,001,12-31,2014-01-01 00:00:00,003999,经营业务现金净额,510163017.87,W
01270.HK,01270,朗廷-SS,10321431,2014-12-31 00:00:00,001,12-31,2014-01-01 00:00:00,005001,已收利息(投资),14782634.93,W
01270.HK,01270,朗廷-SS,10321431,2014-12-31 00:00:00,001,12-31,2014-01-01 00:00:00,005003,存款减少(增加),-47332200.0,W
01270.HK,01270,朗廷-SS,10321431,2014-12-31 00:00:00,001,12-31,2014-01-01 00:00:00,005005,购建固定资产,15777.4,W
01270.HK,01270,朗廷-SS,10321431,2014-12-31 00:00:00,001,12-31,2014-01-01 00:00:00,005007,购建无形资产及其他资产,101546501.88,W
01270.HK,01270,朗廷-SS,10321431,2014-12-31 00:00:00,001,12-31,2014-01-01 00:00:00,005999,投资业务现金净额,-134111844.35,W
01270.HK,01270,朗廷-SS,10321431,2014-12-31 00:00:00,001,12-31,2014-01-01 00:00:00,007004,已付股息(融资),491856500.65,W
01270.HK,01270,朗廷-SS,10321431,2014-12-31 00:00:00,001,12-31,2014-01-01 00:00:00,007007,发行相关费用,2956684.76,W
01270.HK,01270,朗廷-SS,10321431,2014-12-31 00:00:00,001,12-31,2014-01-01 00:00:00,007999,融资业务现金净额,-494813185.41,W
01270.HK,01270,朗廷-SS,10321431,2014-12-31 00:00:00,001,12-31,2014-01-01 00:00:00,010999,现金净额,-118762011.89,W
01270.HK,01270,朗廷-SS,10321431,2014-12-31 00:00:00,001,12-31,2014-01-01 00:00:00,011001,期初现金,593176596.84,W
01270.HK,01270,朗廷-SS,10321431,2014-12-31 00:00:00,001,12-31,2014-01-01 00:00:00,011997,期间变动其他项目,-9574515.19,W
01270.HK,01270,朗廷-SS,10321431,2014-12-31 00:00:00,001,12-31,2014-01-01 00:00:00,011999,期末现金,464840069.76,W
01270.HK,01270,朗廷-SS,10321431,2013-12-31 00:00:00,001,12-31,2013-01-01 00:00:00,001001,除税前溢利(业务利润),405910893.25,W
01270.HK,01270,朗廷-SS,10321431,2013-12-31 00:00:00,001,12-31,2013-01-01 00:00:00,001002,减:利息收入,7424369.89,W
01270.HK,01270,朗廷-SS,10321431,2013-12-31 00:00:00,001,12-31,2013-01-01 00:00:00,001003,加:利息支出,60687521.24,W
01270.HK,01270,朗廷-SS,10321431,2013-12-31 00:00:00,001,12-31,2013-01-01 00:00:00,001007,减:重估盈余,20091321.42,W
01270.HK,01270,朗廷-SS,10321431,2013-12-31 00:00:00,001,12-31,2013-01-01 00:00:00,001008,减:出售资产之溢利,18519647.65,W
01270.HK,01270,朗廷-SS,10321431,2013-12-31 00:00:00,001,12-31,2013-01-01 00:00:00,001009,加:折旧及摊销,65768925.73,W
01270.HK,01270,朗廷-SS,10321431,2013-12-31 00:00:00,001,12-31,2013-01-01 00:00:00,001010,减:汇兑收益,3500295.96,W
01270.HK,01270,朗廷-SS,10321431,2013-12-31 00:00:00,001,12-31,2013-01-01 00:00:00,001997,加:经营调整其他项目,64343490.74,W
01270.HK,01270,朗廷-SS,10321431,2013-12-31 00:00:00,001,12-31,2013-01-01 00:00:00,001999,营运资金变动前经营溢利,547175196.04,W
01270.HK,01270,朗廷-SS,10321431,2013-12-31 00:00:00,001,12-31,2013-01-01 00:00:00,002001,存货(增加)减少,10604670.24,W
01270.HK,01270,朗廷-SS,10321431,2013-12-31 00:00:00,001,12-31,2013-01-01 00:00:00,002002,应收帐款减少,-39036319.5,W
01270.HK,01270,朗廷-SS,10321431,2013-12-31 00:00:00,001,12-31,2013-01-01 00:00:00,002004,应付帐款及应计费用增加(减少),-191035020.48,W
01270.HK,01270,朗廷-SS,10321431,2013-12-31 00:00:00,001,12-31,2013-01-01 00:00:00,002999,经营产生现金,327708526.3,W
01270.HK,01270,朗廷-SS,10321431,2013-12-31 00:00:00,001,12-31,2013-01-01 00:00:00,003002,已付利息(经营),60480742.75,W
01270.HK,01270,朗廷-SS,10321431,2013-12-31 00:00:00,001,12-31,2013-01-01 00:00:00,003003,已付税项,30180224.78,W
01270.HK,01270,朗廷-SS,10321431,2013-12-31 00:00:00,001,12-31,2013-01-01 00:00:00,003999,经营业务现金净额,237047558.77,W
01270.HK,01270,朗廷-SS,10321431,2013-12-31 00:00:00,001,12-31,2013-01-01 00:00:00,005001,已收利息(投资),7069780.16,W
01270.HK,01270,朗廷-SS,10321431,2013-12-31 00:00:00,001,12-31,2013-01-01 00:00:00,005005,购建固定资产,50983870.58,W
01270.HK,01270,朗廷-SS,10321431,2013-12-31 00:00:00,001,12-31,2013-01-01 00:00:00,005006,处置无形资产及其他资产,42928944.23,W
01270.HK,01270,朗廷-SS,10321431,2013-12-31 00:00:00,001,12-31,2013-01-01 00:00:00,005999,投资业务现金净额,-985146.19,W
01270.HK,01270,朗廷-SS,10321431,2013-12-31 00:00:00,001,12-31,2013-01-01 00:00:00,007001,新增借款,5423108696.53,W
01270.HK,01270,朗廷-SS,10321431,2013-12-31 00:00:00,001,12-31,2013-01-01 00:00:00,007002,偿还借款,149383700.0,W
01270.HK,01270,朗廷-SS,10321431,2013-12-31 00:00:00,001,12-31,2013-01-01 00:00:00,007006,发行股份,3350023820.1,W
01270.HK,01270,朗廷-SS,10321431,2013-12-31 00:00:00,001,12-31,2013-01-01 00:00:00,007007,发行相关费用,121856215.24,W
01270.HK,01270,朗廷-SS,10321431,2013-12-31 00:00:00,001,12-31,2013-01-01 00:00:00,007997,融资业务其他项目,-8175073301.22,W
01270.HK,01270,朗廷-SS,10321431,2013-12-31 00:00:00,001,12-31,2013-01-01 00:00:00,007999,融资业务现金净额,326819300.17,W
01270.HK,01270,朗廷-SS,10321431,2013-12-31 00:00:00,001,12-31,2013-01-01 00:00:00,010999,现金净额,562881712.75,W
01270.HK,01270,朗廷-SS,10321431,2013-12-31 00:00:00,001,12-31,2013-01-01 00:00:00,011001,期初现金,24809487.65,W
01270.HK,01270,朗廷-SS,10321431,2013-12-31 00:00:00,001,12-31,2013-01-01 00:00:00,011997,期间变动其他项目,3500295.96,W
01270.HK,01270,朗廷-SS,10321431,2013-12-31 00:00:00,001,12-31,2013-01-01 00:00:00,011999,期末现金,591191496.36,W
01270.HK,01270,朗廷-SS,10321431,2012-12-31 00:00:00,001,12-31,2012-01-01 00:00:00,001001,除税前溢利(业务利润),364016512.2,W
01270.HK,01270,朗廷-SS,10321431,2012-12-31 00:00:00,001,12-31,2012-01-01 00:00:00,001002,减:利息收入,10620513.3,W
01270.HK,01270,朗廷-SS,10321431,2012-12-31 00:00:00,001,12-31,2012-01-01 00:00:00,001003,加:利息支出,53406635.25,W
01270.HK,01270,朗廷-SS,10321431,2012-12-31 00:00:00,001,12-31,2012-01-01 00:00:00,001004,减:投资收益,1802519.55,W
01270.HK,01270,朗廷-SS,10321431,2012-12-31 00:00:00,001,12-31,2012-01-01 00:00:00,001008,减:出售资产之溢利,-532728.45,W
01270.HK,01270,朗廷-SS,10321431,2012-12-31 00:00:00,001,12-31,2012-01-01 00:00:00,001009,加:折旧及摊销,125754726.5,W
01270.HK,01270,朗廷-SS,10321431,2012-12-31 00:00:00,001,12-31,2012-01-01 00:00:00,001999,营运资金变动前经营溢利,531287569.55,W
01270.HK,01270,朗廷-SS,10321431,2012-12-31 00:00:00,001,12-31,2012-01-01 00:00:00,002001,存货(增加)减少,1294927.45,W
01270.HK,01270,朗廷-SS,10321431,2012-12-31 00:00:00,001,12-31,2012-01-01 00:00:00,002002,应收帐款减少,-9689657.5,W
01270.HK,01270,朗廷-SS,10321431,2012-12-31 00:00:00,001,12-31,2012-01-01 00:00:00,002003,应收关联方款项(增加)减少,-2892301.95,W
01270.HK,01270,朗廷-SS,10321431,2012-12-31 00:00:00,001,12-31,2012-01-01 00:00:00,002004,应付帐款及应计费用增加(减少),1705217.55,W
01270.HK,01270,朗廷-SS,10321431,2012-12-31 00:00:00,001,12-31,2012-01-01 00:00:00,002005,应付关联方款项增加(减少),-44852978.6,W
01270.HK,01270,朗廷-SS,10321431,2012-12-31 00:00:00,001,12-31,2012-01-01 00:00:00,002999,经营产生现金,476852776.5,W
01270.HK,01270,朗廷-SS,10321431,2012-12-31 00:00:00,001,12-31,2012-01-01 00:00:00,003002,已付利息(经营),53406635.25,W
01270.HK,01270,朗廷-SS,10321431,2012-12-31 00:00:00,001,12-31,2012-01-01 00:00:00,003003,已付税项,31516928.65,W
01270.HK,01270,朗廷-SS,10321431,2012-12-31 00:00:00,001,12-31,2012-01-01 00:00:00,003999,经营业务现金净额,391929212.6,W
01270.HK,01270,朗廷-SS,10321431,2012-12-31 00:00:00,001,12-31,2012-01-01 00:00:00,005001,已收利息(投资),10620513.3,W
01270.HK,01270,朗廷-SS,10321431,2012-12-31 00:00:00,001,12-31,2012-01-01 00:00:00,005002,已收股息(投资),1802519.55,W
01270.HK,01270,朗廷-SS,10321431,2012-12-31 00:00:00,001,12-31,2012-01-01 00:00:00,005004,处置固定资产,12162.75,W
01270.HK,01270,朗廷-SS,10321431,2012-12-31 00:00:00,001,12-31,2012-01-01 00:00:00,005005,购建固定资产,86325523.55,W
01270.HK,01270,朗廷-SS,10321431,2012-12-31 00:00:00,001,12-31,2012-01-01 00:00:00,005012,应收关联方款项(增加)减少(投资),23018409.8,W
01270.HK,01270,朗廷-SS,10321431,2012-12-31 00:00:00,001,12-31,2012-01-01 00:00:00,005999,投资业务现金净额,-96908737.75,W
01270.HK,01270,朗廷-SS,10321431,2012-12-31 00:00:00,001,12-31,2012-01-01 00:00:00,007001,新增借款,681114000.0,W
01270.HK,01270,朗廷-SS,10321431,2012-12-31 00:00:00,001,12-31,2012-01-01 00:00:00,007002,偿还借款,983162922.65,W
01270.HK,01270,朗廷-SS,10321431,2012-12-31 00:00:00,001,12-31,2012-01-01 00:00:00,007999,融资业务现金净额,-302048922.65,W
01270.HK,01270,朗廷-SS,10321431,2012-12-31 00:00:00,001,12-31,2012-01-01 00:00:00,010999,现金净额,-7028447.8,W
01270.HK,01270,朗廷-SS,10321431,2012-12-31 00:00:00,001,12-31,2012-01-01 00:00:00,011001,期初现金,32614819.55,W
01270.HK,01270,朗廷-SS,10321431,2012-12-31 00:00:00,001,12-31,2012-01-01 00:00:00,011999,期末现金,25586371.75,W
01270.HK,01270,朗廷-SS,10321431,2011-12-31 00:00:00,001,12-31,2011-01-01 00:00:00,001001,除税前溢利(业务利润),315083419.2,W
01270.HK,01270,朗廷-SS,10321431,2011-12-31 00:00:00,001,12-31,2011-01-01 00:00:00,001002,减:利息收入,12240759.3,W
01270.HK,01270,朗廷-SS,10321431,2011-12-31 00:00:00,001,12-31,2011-01-01 00:00:00,001003,加:利息支出,54302307.4,W
01270.HK,01270,朗廷-SS,10321431,2011-12-31 00:00:00,001,12-31,2011-01-01 00:00:00,001004,减:投资收益,1598700.4,W
01270.HK,01270,朗廷-SS,10321431,2011-12-31 00:00:00,001,12-31,2011-01-01 00:00:00,001009,加:折旧及摊销,119005085.1,W
01270.HK,01270,朗廷-SS,10321431,2011-12-31 00:00:00,001,12-31,2011-01-01 00:00:00,001999,营运资金变动前经营溢利,474551352.0,W
01270.HK,01270,朗廷-SS,10321431,2011-12-31 00:00:00,001,12-31,2011-01-01 00:00:00,002001,存货(增加)减少,-2242396.2,W
01270.HK,01270,朗廷-SS,10321431,2011-12-31 00:00:00,001,12-31,2011-01-01 00:00:00,002002,应收帐款减少,-3194158.0,W
01270.HK,01270,朗廷-SS,10321431,2011-12-31 00:00:00,001,12-31,2011-01-01 00:00:00,002003,应收关联方款项(增加)减少,-4558566.1,W
01270.HK,01270,朗廷-SS,10321431,2011-12-31 00:00:00,001,12-31,2011-01-01 00:00:00,002004,应付帐款及应计费用增加(减少),34273153.2,W
01270.HK,01270,朗廷-SS,10321431,2011-12-31 00:00:00,001,12-31,2011-01-01 00:00:00,002005,应付关联方款项增加(减少),-105212646.0,W
01270.HK,01270,朗廷-SS,10321431,2011-12-31 00:00:00,001,12-31,2011-01-01 00:00:00,002999,经营产生现金,393616738.9,W
01270.HK,01270,朗廷-SS,10321431,2011-12-31 00:00:00,001,12-31,2011-01-01 00:00:00,003002,已付利息(经营),54302307.4,W
01270.HK,01270,朗廷-SS,10321431,2011-12-31 00:00:00,001,12-31,2011-01-01 00:00:00,003003,已付税项,26771746.1,W
01270.HK,01270,朗廷-SS,10321431,2011-12-31 00:00:00,001,12-31,2011-01-01 00:00:00,003999,经营业务现金净额,312542685.4,W
01270.HK,01270,朗廷-SS,10321431,2011-12-31 00:00:00,001,12-31,2011-01-01 00:00:00,005001,已收利息(投资),12240759.3,W
01270.HK,01270,朗廷-SS,10321431,2011-12-31 00:00:00,001,12-31,2011-01-01 00:00:00,005002,已收股息(投资),1598700.4,W
01270.HK,01270,朗廷-SS,10321431,2011-12-31 00:00:00,001,12-31,2011-01-01 00:00:00,005005,购建固定资产,26171017.4,W
01270.HK,01270,朗廷-SS,10321431,2011-12-31 00:00:00,001,12-31,2011-01-01 00:00:00,005012,应收关联方款项(增加)减少(投资),58551186.1,W
01270.HK,01270,朗廷-SS,10321431,2011-12-31 00:00:00,001,12-31,2011-01-01 00:00:00,005999,投资业务现金净额,-70882743.8,W
01270.HK,01270,朗廷-SS,10321431,2011-12-31 00:00:00,001,12-31,2011-01-01 00:00:00,007001,新增借款,1183622000.0,W
01270.HK,01270,朗廷-SS,10321431,2011-12-31 00:00:00,001,12-31,2011-01-01 00:00:00,007002,偿还借款,1413374380.0,W
01270.HK,01270,朗廷-SS,10321431,2011-12-31 00:00:00,001,12-31,2011-01-01 00:00:00,007997,融资业务其他项目,-1905955.7,W
01270.HK,01270,朗廷-SS,10321431,2011-12-31 00:00:00,001,12-31,2011-01-01 00:00:00,007999,融资业务现金净额,-231658335.7,W
01270.HK,01270,朗廷-SS,10321431,2011-12-31 00:00:00,001,12-31,2011-01-01 00:00:00,010999,现金净额,10001605.9,W
01270.HK,01270,朗廷-SS,10321431,2011-12-31 00:00:00,001,12-31,2011-01-01 00:00:00,011001,期初现金,22607180.2,W
01270.HK,01270,朗廷-SS,10321431,2011-12-31 00:00:00,001,12-31,2011-01-01 00:00:00,011999,期末现金,32608786.1,W
01270.HK,01270,朗廷-SS,10321431,2011-12-31 00:00:00,001,12-31,2011-01-01 00:00:00,013999,非运算项目,32608786.1,W
01270.HK,01270,朗廷-SS,10321431,2010-12-31 00:00:00,001,12-31,2010-01-01 00:00:00,001001,除税前溢利(业务利润),218219296.64,W
01270.HK,01270,朗廷-SS,10321431,2010-12-31 00:00:00,001,12-31,2010-01-01 00:00:00,001002,减:利息收入,8573970.68,W
01270.HK,01270,朗廷-SS,10321431,2010-12-31 00:00:00,001,12-31,2010-01-01 00:00:00,001003,加:利息支出,49918106.59,W
01270.HK,01270,朗廷-SS,10321431,2010-12-31 00:00:00,001,12-31,2010-01-01 00:00:00,001004,减:投资收益,1412543.8,W
01270.HK,01270,朗廷-SS,10321431,2010-12-31 00:00:00,001,12-31,2010-01-01 00:00:00,001006,加:减值及拨备,3484558.35,W
01270.HK,01270,朗廷-SS,10321431,2010-12-31 00:00:00,001,12-31,2010-01-01 00:00:00,001008,减:出售资产之溢利,-385471.29,W
01270.HK,01270,朗廷-SS,10321431,2010-12-31 00:00:00,001,12-31,2010-01-01 00:00:00,001009,加:折旧及摊销,126394589.41,W
01270.HK,01270,朗廷-SS,10321431,2010-12-31 00:00:00,001,12-31,2010-01-01 00:00:00,001999,营运资金变动前经营溢利,388415507.8,W
01270.HK,01270,朗廷-SS,10321431,2010-12-31 00:00:00,001,12-31,2010-01-01 00:00:00,002001,存货(增加)减少,-430570.58,W
01270.HK,01270,朗廷-SS,10321431,2010-12-31 00:00:00,001,12-31,2010-01-01 00:00:00,002002,应收帐款减少,-7210780.82,W
01270.HK,01270,朗廷-SS,10321431,2010-12-31 00:00:00,001,12-31,2010-01-01 00:00:00,002003,应收关联方款项(增加)减少,-2378349.35,W
01270.HK,01270,朗廷-SS,10321431,2010-12-31 00:00:00,001,12-31,2010-01-01 00:00:00,002004,应付帐款及应计费用增加(减少),26058029.39,W
01270.HK,01270,朗廷-SS,10321431,2010-12-31 00:00:00,001,12-31,2010-01-01 00:00:00,002005,应付关联方款项增加(减少),33921473.52,W
01270.HK,01270,朗廷-SS,10321431,2010-12-31 00:00:00,001,12-31,2010-01-01 00:00:00,002999,经营产生现金,438375309.96,W
01270.HK,01270,朗廷-SS,10321431,2010-12-31 00:00:00,001,12-31,2010-01-01 00:00:00,003002,已付利息(经营),49918106.59,W
01270.HK,01270,朗廷-SS,10321431,2010-12-31 00:00:00,001,12-31,2010-01-01 00:00:00,003999,经营业务现金净额,388457203.37,W
01270.HK,01270,朗廷-SS,10321431,2010-12-31 00:00:00,001,12-31,2010-01-01 00:00:00,005001,已收利息(投资),8573970.68,W
01270.HK,01270,朗廷-SS,10321431,2010-12-31 00:00:00,001,12-31,2010-01-01 00:00:00,005002,已收股息(投资),1412543.8,W
01270.HK,01270,朗廷-SS,10321431,2010-12-31 00:00:00,001,12-31,2010-01-01 00:00:00,005004,处置固定资产,5956.51,W
01270.HK,01270,朗廷-SS,10321431,2010-12-31 00:00:00,001,12-31,2010-01-01 00:00:00,005005,购建固定资产,36223239.17,W
01270.HK,01270,朗廷-SS,10321431,2010-12-31 00:00:00,001,12-31,2010-01-01 00:00:00,005011,投资支付现金,1270438.49,W
01270.HK,01270,朗廷-SS,10321431,2010-12-31 00:00:00,001,12-31,2010-01-01 00:00:00,005012,应收关联方款项(增加)减少(投资),59085175.48,W
01270.HK,01270,朗廷-SS,10321431,2010-12-31 00:00:00,001,12-31,2010-01-01 00:00:00,005999,投资业务现金净额,-86586382.15,W
01270.HK,01270,朗廷-SS,10321431,2010-12-31 00:00:00,001,12-31,2010-01-01 00:00:00,007002,偿还借款,297117526.24,W
01270.HK,01270,朗廷-SS,10321431,2010-12-31 00:00:00,001,12-31,2010-01-01 00:00:00,007999,融资业务现金净额,-297117526.24,W
01270.HK,01270,朗廷-SS,10321431,2010-12-31 00:00:00,001,12-31,2010-01-01 00:00:00,010999,现金净额,4753294.98,W
01270.HK,01270,朗廷-SS,10321431,2010-12-31 00:00:00,001,12-31,2010-01-01 00:00:00,011001,期初现金,18975739.0,W
01270.HK,01270,朗廷-SS,10321431,2010-12-31 00:00:00,001,12-31,2010-01-01 00:00:00,011999,期末现金,23729033.98,W
01270.HK,01270,朗廷-SS,10321431,2010-12-31 00:00:00,001,12-31,2010-01-01 00:00:00,013999,非运算项目,23729033.98,W
