SECUCODE,SECURITY_CODE,SECURITY_NAME_ABBR,ORG_CODE,REPORT_DATE,DATE_TYPE_CODE,FISCAL_YEAR,STD_ITEM_CODE,STD_ITEM_NAME,AMOUNT,STD_REPORT_DATE,股票名称
01270.HK,01270,朗廷-SS,10321431,2024-12-31 00:00:00,001,12-31,004001002,物业厂房及设备,840844.32,2024-12-31 00:00:00,W
01270.HK,01270,朗廷-SS,10321431,2024-12-31 00:00:00,001,12-31,004001003,投资物业,14719405800.0,2024-12-31 00:00:00,W
01270.HK,01270,朗廷-SS,10321431,2024-12-31 00:00:00,001,12-31,004001010,预付款项,8184341.52,2024-12-31 00:00:00,W
01270.HK,01270,朗廷-SS,10321431,2024-12-31 00:00:00,001,12-31,004001999,非流动资产合计,14728430985.84,2024-12-31 00:00:00,W
01270.HK,01270,朗廷-SS,10321431,2024-12-31 00:00:00,001,12-31,004002003,应收帐款,30261135.12,2024-12-31 00:00:00,W
01270.HK,01270,朗廷-SS,10321431,2024-12-31 00:00:00,001,12-31,004002007,预缴及应收税项,6961968.72,2024-12-31 00:00:00,W
01270.HK,01270,朗廷-SS,10321431,2024-12-31 00:00:00,001,12-31,004002010,现金及等价物,271701988.08,2024-12-31 00:00:00,W
01270.HK,01270,朗廷-SS,10321431,2024-12-31 00:00:00,001,12-31,004002999,流动资产合计,308925091.92,2024-12-31 00:00:00,W
01270.HK,01270,朗廷-SS,10321431,2024-12-31 00:00:00,001,12-31,004009999,总资产,15037356077.76,2024-12-31 00:00:00,W
01270.HK,01270,朗廷-SS,10321431,2024-12-31 00:00:00,001,12-31,004011001,应付帐款,56609751.24,2024-12-31 00:00:00,W
01270.HK,01270,朗廷-SS,10321431,2024-12-31 00:00:00,001,12-31,004011003,应付税项,20803488.6,2024-12-31 00:00:00,W
01270.HK,01270,朗廷-SS,10321431,2024-12-31 00:00:00,001,12-31,004011006,融资租赁负债(流动),564884.4,2024-12-31 00:00:00,W
01270.HK,01270,朗廷-SS,10321431,2024-12-31 00:00:00,001,12-31,004011010,短期贷款,,2024-12-31 00:00:00,W
01270.HK,01270,朗廷-SS,10321431,2024-12-31 00:00:00,001,12-31,004011016,衍生金融工具-负债(流动),2754042.96,2024-12-31 00:00:00,W
01270.HK,01270,朗廷-SS,10321431,2024-12-31 00:00:00,001,12-31,004011999,流动负债合计,80732167.2,2024-12-31 00:00:00,W
01270.HK,01270,朗廷-SS,10321431,2024-12-31 00:00:00,001,12-31,004013999,净流动资产,228192924.72,2024-12-31 00:00:00,W
01270.HK,01270,朗廷-SS,10321431,2024-12-31 00:00:00,001,12-31,004015999,总资产减流动负债,14956623910.56,2024-12-31 00:00:00,W
01270.HK,01270,朗廷-SS,10321431,2024-12-31 00:00:00,001,12-31,004020001,长期贷款,5708669888.16,2024-12-31 00:00:00,W
01270.HK,01270,朗廷-SS,10321431,2024-12-31 00:00:00,001,12-31,004020003,递延税项负债,448079270.64,2024-12-31 00:00:00,W
01270.HK,01270,朗廷-SS,10321431,2024-12-31 00:00:00,001,12-31,004020013,衍生金融工具-负债,,2024-12-31 00:00:00,W
01270.HK,01270,朗廷-SS,10321431,2024-12-31 00:00:00,001,12-31,004020997,非流动负债其他项目,262069.32,2024-12-31 00:00:00,W
01270.HK,01270,朗廷-SS,10321431,2024-12-31 00:00:00,001,12-31,004020999,非流动负债合计,6157011228.12,2024-12-31 00:00:00,W
01270.HK,01270,朗廷-SS,10321431,2024-12-31 00:00:00,001,12-31,004025999,总负债,6237743395.32,2024-12-31 00:00:00,W
01270.HK,01270,朗廷-SS,10321431,2024-12-31 00:00:00,001,12-31,004028999,净资产,8799612682.44,2024-12-31 00:00:00,W
01270.HK,01270,朗廷-SS,10321431,2024-12-31 00:00:00,001,12-31,004030001,股本,3180021.36,2024-12-31 00:00:00,W
01270.HK,01270,朗廷-SS,10321431,2024-12-31 00:00:00,001,12-31,004030002,储备,8796432661.08,2024-12-31 00:00:00,W
01270.HK,01270,朗廷-SS,10321431,2024-12-31 00:00:00,001,12-31,004030999,股东权益,8799612682.44,2024-12-31 00:00:00,W
01270.HK,01270,朗廷-SS,10321431,2024-12-31 00:00:00,001,12-31,004036999,总权益,8799612682.44,2024-12-31 00:00:00,W
01270.HK,01270,朗廷-SS,10321431,2024-12-31 00:00:00,001,12-31,004037999,总权益及非流动负债,14956623910.56,2024-12-31 00:00:00,W
01270.HK,01270,朗廷-SS,10321431,2024-12-31 00:00:00,001,12-31,004039999,总权益及总负债,15037356077.76,2024-12-31 00:00:00,W
01270.HK,01270,朗廷-SS,10321431,2023-12-31 00:00:00,001,12-31,004001002,物业厂房及设备,837347.28,2023-12-31 00:00:00,W
01270.HK,01270,朗廷-SS,10321431,2023-12-31 00:00:00,001,12-31,004001003,投资物业,14193217640.0,2023-12-31 00:00:00,W
01270.HK,01270,朗廷-SS,10321431,2023-12-31 00:00:00,001,12-31,004001010,预付款项,5323136.28,2023-12-31 00:00:00,W
01270.HK,01270,朗廷-SS,10321431,2023-12-31 00:00:00,001,12-31,004001999,非流动资产合计,14199378123.56,2023-12-31 00:00:00,W
01270.HK,01270,朗廷-SS,10321431,2023-12-31 00:00:00,001,12-31,004002003,应收帐款,39618125.96,2023-12-31 00:00:00,W
01270.HK,01270,朗廷-SS,10321431,2023-12-31 00:00:00,001,12-31,004002007,预缴及应收税项,,2023-12-31 00:00:00,W
01270.HK,01270,朗廷-SS,10321431,2023-12-31 00:00:00,001,12-31,004002010,现金及等价物,111026449.52,2023-12-31 00:00:00,W
01270.HK,01270,朗廷-SS,10321431,2023-12-31 00:00:00,001,12-31,004002999,流动资产合计,150644575.48,2023-12-31 00:00:00,W
01270.HK,01270,朗廷-SS,10321431,2023-12-31 00:00:00,001,12-31,004009999,总资产,14350022699.04,2023-12-31 00:00:00,W
01270.HK,01270,朗廷-SS,10321431,2023-12-31 00:00:00,001,12-31,004011001,应付帐款,61808735.1,2023-12-31 00:00:00,W
01270.HK,01270,朗廷-SS,10321431,2023-12-31 00:00:00,001,12-31,004011003,应付税项,38151862.0,2023-12-31 00:00:00,W
01270.HK,01270,朗廷-SS,10321431,2023-12-31 00:00:00,001,12-31,004011006,融资租赁负债(流动),732225.76,2023-12-31 00:00:00,W
01270.HK,01270,朗廷-SS,10321431,2023-12-31 00:00:00,001,12-31,004011010,短期贷款,5482907397.1,2023-12-31 00:00:00,W
01270.HK,01270,朗廷-SS,10321431,2023-12-31 00:00:00,001,12-31,004011016,衍生金融工具-负债(流动),,2023-12-31 00:00:00,W
01270.HK,01270,朗廷-SS,10321431,2023-12-31 00:00:00,001,12-31,004011999,流动负债合计,5583600219.96,2023-12-31 00:00:00,W
01270.HK,01270,朗廷-SS,10321431,2023-12-31 00:00:00,001,12-31,004013999,净流动资产,-5432955644.48,2023-12-31 00:00:00,W
01270.HK,01270,朗廷-SS,10321431,2023-12-31 00:00:00,001,12-31,004015999,总资产减流动负债,8766422479.08,2023-12-31 00:00:00,W
01270.HK,01270,朗廷-SS,10321431,2023-12-31 00:00:00,001,12-31,004020001,长期贷款,,2023-12-31 00:00:00,W
01270.HK,01270,朗廷-SS,10321431,2023-12-31 00:00:00,001,12-31,004020003,递延税项负债,426478006.64,2023-12-31 00:00:00,W
01270.HK,01270,朗廷-SS,10321431,2023-12-31 00:00:00,001,12-31,004020013,衍生金融工具-负债,11125662.94,2023-12-31 00:00:00,W
01270.HK,01270,朗廷-SS,10321431,2023-12-31 00:00:00,001,12-31,004020997,非流动负债其他项目,60716.74,2023-12-31 00:00:00,W
01270.HK,01270,朗廷-SS,10321431,2023-12-31 00:00:00,001,12-31,004020999,非流动负债合计,437664386.32,2023-12-31 00:00:00,W
01270.HK,01270,朗廷-SS,10321431,2023-12-31 00:00:00,001,12-31,004025999,总负债,6021264606.28,2023-12-31 00:00:00,W
01270.HK,01270,朗廷-SS,10321431,2023-12-31 00:00:00,001,12-31,004028999,净资产,8328758092.76,2023-12-31 00:00:00,W
01270.HK,01270,朗廷-SS,10321431,2023-12-31 00:00:00,001,12-31,004030001,股本,3007744.18,2023-12-31 00:00:00,W
01270.HK,01270,朗廷-SS,10321431,2023-12-31 00:00:00,001,12-31,004030002,储备,8325750348.58,2023-12-31 00:00:00,W
01270.HK,01270,朗廷-SS,10321431,2023-12-31 00:00:00,001,12-31,004030999,股东权益,8328758092.76,2023-12-31 00:00:00,W
01270.HK,01270,朗廷-SS,10321431,2023-12-31 00:00:00,001,12-31,004036999,总权益,8328758092.76,2023-12-31 00:00:00,W
01270.HK,01270,朗廷-SS,10321431,2023-12-31 00:00:00,001,12-31,004037999,总权益及非流动负债,8766422479.08,2023-12-31 00:00:00,W
01270.HK,01270,朗廷-SS,10321431,2023-12-31 00:00:00,001,12-31,004039999,总权益及总负债,14350022699.04,2023-12-31 00:00:00,W
01270.HK,01270,朗廷-SS,10321431,2022-12-31 00:00:00,001,12-31,004001002,物业厂房及设备,1822270.8,2022-12-31 00:00:00,W
01270.HK,01270,朗廷-SS,10321431,2022-12-31 00:00:00,001,12-31,004001003,投资物业,13117669950.0,2022-12-31 00:00:00,W
01270.HK,01270,朗廷-SS,10321431,2022-12-31 00:00:00,001,12-31,004001010,预付款项,4713785.79,2022-12-31 00:00:00,W
01270.HK,01270,朗廷-SS,10321431,2022-12-31 00:00:00,001,12-31,004001999,非流动资产合计,13124206006.59,2022-12-31 00:00:00,W
01270.HK,01270,朗廷-SS,10321431,2022-12-31 00:00:00,001,12-31,004002003,应收帐款,11632161.94,2022-12-31 00:00:00,W
01270.HK,01270,朗廷-SS,10321431,2022-12-31 00:00:00,001,12-31,004002010,现金及等价物,218984247.23,2022-12-31 00:00:00,W
01270.HK,01270,朗廷-SS,10321431,2022-12-31 00:00:00,001,12-31,004002015,衍生金融工具-资产(流动),64443177.61,2022-12-31 00:00:00,W
01270.HK,01270,朗廷-SS,10321431,2022-12-31 00:00:00,001,12-31,004002999,流动资产合计,295059586.78,2022-12-31 00:00:00,W
01270.HK,01270,朗廷-SS,10321431,2022-12-31 00:00:00,001,12-31,004009999,总资产,13419265593.37,2022-12-31 00:00:00,W
01270.HK,01270,朗廷-SS,10321431,2022-12-31 00:00:00,001,12-31,004011001,应付帐款,40778668.77,2022-12-31 00:00:00,W
01270.HK,01270,朗廷-SS,10321431,2022-12-31 00:00:00,001,12-31,004011003,应付税项,39681733.21,2022-12-31 00:00:00,W
01270.HK,01270,朗廷-SS,10321431,2022-12-31 00:00:00,001,12-31,004011006,融资租赁负债(流动),953119.09,2022-12-31 00:00:00,W
01270.HK,01270,朗廷-SS,10321431,2022-12-31 00:00:00,001,12-31,004011010,短期贷款,5633332220.32,2022-12-31 00:00:00,W
01270.HK,01270,朗廷-SS,10321431,2022-12-31 00:00:00,001,12-31,004011999,流动负债合计,5714745741.39,2022-12-31 00:00:00,W
01270.HK,01270,朗廷-SS,10321431,2022-12-31 00:00:00,001,12-31,004013999,净流动资产,-5419686154.61,2022-12-31 00:00:00,W
01270.HK,01270,朗廷-SS,10321431,2022-12-31 00:00:00,001,12-31,004015999,总资产减流动负债,7704519851.98,2022-12-31 00:00:00,W
01270.HK,01270,朗廷-SS,10321431,2022-12-31 00:00:00,001,12-31,004020003,递延税项负债,401024633.8,2022-12-31 00:00:00,W
01270.HK,01270,朗廷-SS,10321431,2022-12-31 00:00:00,001,12-31,004020013,衍生金融工具-负债,12779120.62,2022-12-31 00:00:00,W
01270.HK,01270,朗廷-SS,10321431,2022-12-31 00:00:00,001,12-31,004020997,非流动负债其他项目,781611.25,2022-12-31 00:00:00,W
01270.HK,01270,朗廷-SS,10321431,2022-12-31 00:00:00,001,12-31,004020999,非流动负债合计,414585365.67,2022-12-31 00:00:00,W
01270.HK,01270,朗廷-SS,10321431,2022-12-31 00:00:00,001,12-31,004025999,总负债,6129331107.06,2022-12-31 00:00:00,W
01270.HK,01270,朗廷-SS,10321431,2022-12-31 00:00:00,001,12-31,004028999,净资产,7289934486.31,2022-12-31 00:00:00,W
01270.HK,01270,朗廷-SS,10321431,2022-12-31 00:00:00,001,12-31,004030001,股本,2923672.71,2022-12-31 00:00:00,W
01270.HK,01270,朗廷-SS,10321431,2022-12-31 00:00:00,001,12-31,004030002,储备,7287010813.6,2022-12-31 00:00:00,W
01270.HK,01270,朗廷-SS,10321431,2022-12-31 00:00:00,001,12-31,004030999,股东权益,7289934486.31,2022-12-31 00:00:00,W
01270.HK,01270,朗廷-SS,10321431,2022-12-31 00:00:00,001,12-31,004036999,总权益,7289934486.31,2022-12-31 00:00:00,W
01270.HK,01270,朗廷-SS,10321431,2022-12-31 00:00:00,001,12-31,004037999,总权益及非流动负债,7704519851.98,2022-12-31 00:00:00,W
01270.HK,01270,朗廷-SS,10321431,2022-12-31 00:00:00,001,12-31,004039999,总权益及总负债,13419265593.37,2022-12-31 00:00:00,W
01270.HK,01270,朗廷-SS,10321431,2021-12-31 00:00:00,001,12-31,004001002,物业厂房及设备,1317153.6,2021-12-31 00:00:00,W
01270.HK,01270,朗廷-SS,10321431,2021-12-31 00:00:00,001,12-31,004001003,投资物业,11779163200.0,2021-12-31 00:00:00,W
01270.HK,01270,朗廷-SS,10321431,2021-12-31 00:00:00,001,12-31,004001010,预付款项,4095358.4,2021-12-31 00:00:00,W
01270.HK,01270,朗廷-SS,10321431,2021-12-31 00:00:00,001,12-31,004001999,非流动资产合计,11784575712.0,2021-12-31 00:00:00,W
01270.HK,01270,朗廷-SS,10321431,2021-12-31 00:00:00,001,12-31,004002005,预付款按金及其他应收款,16087097.6,2021-12-31 00:00:00,W
01270.HK,01270,朗廷-SS,10321431,2021-12-31 00:00:00,001,12-31,004002007,预缴及应收税项,80124.8,2021-12-31 00:00:00,W
01270.HK,01270,朗廷-SS,10321431,2021-12-31 00:00:00,001,12-31,004002010,现金及等价物,146499203.2,2021-12-31 00:00:00,W
01270.HK,01270,朗廷-SS,10321431,2021-12-31 00:00:00,001,12-31,004002015,衍生金融工具-资产(流动),,2021-12-31 00:00:00,W
01270.HK,01270,朗廷-SS,10321431,2021-12-31 00:00:00,001,12-31,004002999,流动资产合计,162666425.6,2021-12-31 00:00:00,W
01270.HK,01270,朗廷-SS,10321431,2021-12-31 00:00:00,001,12-31,004009999,总资产,11947242137.6,2021-12-31 00:00:00,W
01270.HK,01270,朗廷-SS,10321431,2021-12-31 00:00:00,001,12-31,004011001,应付帐款,31695081.6,2021-12-31 00:00:00,W
01270.HK,01270,朗廷-SS,10321431,2021-12-31 00:00:00,001,12-31,004011003,应付税项,36293264.0,2021-12-31 00:00:00,W
01270.HK,01270,朗廷-SS,10321431,2021-12-31 00:00:00,001,12-31,004011006,融资租赁负债(流动),1347404.8,2021-12-31 00:00:00,W
01270.HK,01270,朗廷-SS,10321431,2021-12-31 00:00:00,001,12-31,004011010,短期贷款,267355200.0,2021-12-31 00:00:00,W
01270.HK,01270,朗廷-SS,10321431,2021-12-31 00:00:00,001,12-31,004011016,衍生金融工具-负债(流动),4612081.6,2021-12-31 00:00:00,W
01270.HK,01270,朗廷-SS,10321431,2021-12-31 00:00:00,001,12-31,004011999,流动负债合计,341303032.0,2021-12-31 00:00:00,W
01270.HK,01270,朗廷-SS,10321431,2021-12-31 00:00:00,001,12-31,004013999,净流动资产,-178636606.4,2021-12-31 00:00:00,W
01270.HK,01270,朗廷-SS,10321431,2021-12-31 00:00:00,001,12-31,004015999,总资产减流动负债,11605939105.6,2021-12-31 00:00:00,W
01270.HK,01270,朗廷-SS,10321431,2021-12-31 00:00:00,001,12-31,004020001,长期贷款,4879572521.6,2021-12-31 00:00:00,W
01270.HK,01270,朗廷-SS,10321431,2021-12-31 00:00:00,001,12-31,004020003,递延税项负债,333197345.6,2021-12-31 00:00:00,W
01270.HK,01270,朗廷-SS,10321431,2021-12-31 00:00:00,001,12-31,004020013,衍生金融工具-负债,16030683.2,2021-12-31 00:00:00,W
01270.HK,01270,朗廷-SS,10321431,2021-12-31 00:00:00,001,12-31,004020997,非流动负债其他项目,33521.6,2021-12-31 00:00:00,W
01270.HK,01270,朗廷-SS,10321431,2021-12-31 00:00:00,001,12-31,004020999,非流动负债合计,5228834072.0,2021-12-31 00:00:00,W
01270.HK,01270,朗廷-SS,10321431,2021-12-31 00:00:00,001,12-31,004025999,总负债,5570137104.0,2021-12-31 00:00:00,W
01270.HK,01270,朗廷-SS,10321431,2021-12-31 00:00:00,001,12-31,004028999,净资产,6377105033.6,2021-12-31 00:00:00,W
01270.HK,01270,朗廷-SS,10321431,2021-12-31 00:00:00,001,12-31,004030001,股本,2649841.6,2021-12-31 00:00:00,W
01270.HK,01270,朗廷-SS,10321431,2021-12-31 00:00:00,001,12-31,004030002,储备,6374455192.0,2021-12-31 00:00:00,W
01270.HK,01270,朗廷-SS,10321431,2021-12-31 00:00:00,001,12-31,004030999,股东权益,6377105033.6,2021-12-31 00:00:00,W
01270.HK,01270,朗廷-SS,10321431,2021-12-31 00:00:00,001,12-31,004036999,总权益,6377105033.6,2021-12-31 00:00:00,W
01270.HK,01270,朗廷-SS,10321431,2021-12-31 00:00:00,001,12-31,004037999,总权益及非流动负债,11605939105.6,2021-12-31 00:00:00,W
01270.HK,01270,朗廷-SS,10321431,2021-12-31 00:00:00,001,12-31,004039999,总权益及总负债,11947242137.6,2021-12-31 00:00:00,W
01270.HK,01270,朗廷-SS,10321431,2020-12-31 00:00:00,001,12-31,004001002,物业厂房及设备,2932273.76,2020-12-31 00:00:00,W
01270.HK,01270,朗廷-SS,10321431,2020-12-31 00:00:00,001,12-31,004001003,投资物业,12457955280.0,2020-12-31 00:00:00,W
01270.HK,01270,朗廷-SS,10321431,2020-12-31 00:00:00,001,12-31,004001010,预付款项,,2020-12-31 00:00:00,W
01270.HK,01270,朗廷-SS,10321431,2020-12-31 00:00:00,001,12-31,004001999,非流动资产合计,12460887553.76,2020-12-31 00:00:00,W
01270.HK,01270,朗廷-SS,10321431,2020-12-31 00:00:00,001,12-31,004002005,预付款按金及其他应收款,13029428.84,2020-12-31 00:00:00,W
01270.HK,01270,朗廷-SS,10321431,2020-12-31 00:00:00,001,12-31,004002007,预缴及应收税项,,2020-12-31 00:00:00,W
01270.HK,01270,朗廷-SS,10321431,2020-12-31 00:00:00,001,12-31,004002009,受限制存款及现金,34507240.0,2020-12-31 00:00:00,W
01270.HK,01270,朗廷-SS,10321431,2020-12-31 00:00:00,001,12-31,004002010,现金及等价物,183151805.32,2020-12-31 00:00:00,W
01270.HK,01270,朗廷-SS,10321431,2020-12-31 00:00:00,001,12-31,004002999,流动资产合计,230688474.16,2020-12-31 00:00:00,W
01270.HK,01270,朗廷-SS,10321431,2020-12-31 00:00:00,001,12-31,004009999,总资产,12691576027.92,2020-12-31 00:00:00,W
01270.HK,01270,朗廷-SS,10321431,2020-12-31 00:00:00,001,12-31,004011001,应付帐款,29998574.52,2020-12-31 00:00:00,W
01270.HK,01270,朗廷-SS,10321431,2020-12-31 00:00:00,001,12-31,004011003,应付税项,34853995.68,2020-12-31 00:00:00,W
01270.HK,01270,朗廷-SS,10321431,2020-12-31 00:00:00,001,12-31,004011006,融资租赁负债(流动),1570500.24,2020-12-31 00:00:00,W
01270.HK,01270,朗廷-SS,10321431,2020-12-31 00:00:00,001,12-31,004011010,短期贷款,359380280.0,2020-12-31 00:00:00,W
01270.HK,01270,朗廷-SS,10321431,2020-12-31 00:00:00,001,12-31,004011016,衍生金融工具-负债(流动),4216616.4,2020-12-31 00:00:00,W
01270.HK,01270,朗廷-SS,10321431,2020-12-31 00:00:00,001,12-31,004011999,流动负债合计,430019966.84,2020-12-31 00:00:00,W
01270.HK,01270,朗廷-SS,10321431,2020-12-31 00:00:00,001,12-31,004013999,净流动资产,-199331492.68,2020-12-31 00:00:00,W
01270.HK,01270,朗廷-SS,10321431,2020-12-31 00:00:00,001,12-31,004015999,总资产减流动负债,12261556061.08,2020-12-31 00:00:00,W
01270.HK,01270,朗廷-SS,10321431,2020-12-31 00:00:00,001,12-31,004016999,总资产减总负债合计,6842194019.08,2020-12-31 00:00:00,W
01270.HK,01270,朗廷-SS,10321431,2020-12-31 00:00:00,001,12-31,004020001,长期贷款,5013578782.24,2020-12-31 00:00:00,W
01270.HK,01270,朗廷-SS,10321431,2020-12-31 00:00:00,001,12-31,004020003,递延税项负债,335172188.68,2020-12-31 00:00:00,W
01270.HK,01270,朗廷-SS,10321431,2020-12-31 00:00:00,001,12-31,004020013,衍生金融工具-负债,69189541.12,2020-12-31 00:00:00,W
01270.HK,01270,朗廷-SS,10321431,2020-12-31 00:00:00,001,12-31,004020997,非流动负债其他项目,1421529.96,2020-12-31 00:00:00,W
01270.HK,01270,朗廷-SS,10321431,2020-12-31 00:00:00,001,12-31,004020999,非流动负债合计,5419362042.0,2020-12-31 00:00:00,W
01270.HK,01270,朗廷-SS,10321431,2020-12-31 00:00:00,001,12-31,004025999,总负债,5849382008.84,2020-12-31 00:00:00,W
01270.HK,01270,朗廷-SS,10321431,2020-12-31 00:00:00,001,12-31,004028999,净资产,6842194019.08,2020-12-31 00:00:00,W
01270.HK,01270,朗廷-SS,10321431,2020-12-31 00:00:00,001,12-31,004030002,储备,6839479730.08,2020-12-31 00:00:00,W
01270.HK,01270,朗廷-SS,10321431,2020-12-31 00:00:00,001,12-31,004030997,股东权益其他项目,2714289.0,2020-12-31 00:00:00,W
01270.HK,01270,朗廷-SS,10321431,2020-12-31 00:00:00,001,12-31,004030999,股东权益,6842194019.08,2020-12-31 00:00:00,W
01270.HK,01270,朗廷-SS,10321431,2020-12-31 00:00:00,001,12-31,004036999,总权益,6842194019.08,2020-12-31 00:00:00,W
01270.HK,01270,朗廷-SS,10321431,2020-12-31 00:00:00,001,12-31,004037999,总权益及非流动负债,12261556061.08,2020-12-31 00:00:00,W
01270.HK,01270,朗廷-SS,10321431,2020-12-31 00:00:00,001,12-31,004039999,总权益及总负债,12691576027.92,2020-12-31 00:00:00,W
01270.HK,01270,朗廷-SS,10321431,2019-12-31 00:00:00,001,12-31,004001002,物业厂房及设备,1238863.74,2019-12-31 00:00:00,W
01270.HK,01270,朗廷-SS,10321431,2019-12-31 00:00:00,001,12-31,004001003,投资物业,15676150000.0,2019-12-31 00:00:00,W
01270.HK,01270,朗廷-SS,10321431,2019-12-31 00:00:00,001,12-31,004001023,衍生金融工具-资产,4160898.1,2019-12-31 00:00:00,W
01270.HK,01270,朗廷-SS,10321431,2019-12-31 00:00:00,001,12-31,004001999,非流动资产合计,15681549761.84,2019-12-31 00:00:00,W
01270.HK,01270,朗廷-SS,10321431,2019-12-31 00:00:00,001,12-31,004002005,预付款按金及其他应收款,19836152.32,2019-12-31 00:00:00,W
01270.HK,01270,朗廷-SS,10321431,2019-12-31 00:00:00,001,12-31,004002009,受限制存款及现金,,2019-12-31 00:00:00,W
01270.HK,01270,朗廷-SS,10321431,2019-12-31 00:00:00,001,12-31,004002010,现金及等价物,67839210.96,2019-12-31 00:00:00,W
01270.HK,01270,朗廷-SS,10321431,2019-12-31 00:00:00,001,12-31,004002015,衍生金融工具-资产(流动),7293440.76,2019-12-31 00:00:00,W
01270.HK,01270,朗廷-SS,10321431,2019-12-31 00:00:00,001,12-31,004002999,流动资产合计,94968804.04,2019-12-31 00:00:00,W
01270.HK,01270,朗廷-SS,10321431,2019-12-31 00:00:00,001,12-31,004009999,总资产,15776518565.88,2019-12-31 00:00:00,W
01270.HK,01270,朗廷-SS,10321431,2019-12-31 00:00:00,001,12-31,004011001,应付帐款,50918822.54,2019-12-31 00:00:00,W
01270.HK,01270,朗廷-SS,10321431,2019-12-31 00:00:00,001,12-31,004011003,应付税项,48708037.5,2019-12-31 00:00:00,W
01270.HK,01270,朗廷-SS,10321431,2019-12-31 00:00:00,001,12-31,004011006,融资租赁负债(流动),480138.08,2019-12-31 00:00:00,W
01270.HK,01270,朗廷-SS,10321431,2019-12-31 00:00:00,001,12-31,004011010,短期贷款,315314560.0,2019-12-31 00:00:00,W
01270.HK,01270,朗廷-SS,10321431,2019-12-31 00:00:00,001,12-31,004011016,衍生金融工具-负债(流动),,2019-12-31 00:00:00,W
01270.HK,01270,朗廷-SS,10321431,2019-12-31 00:00:00,001,12-31,004011999,流动负债合计,415421558.12,2019-12-31 00:00:00,W
01270.HK,01270,朗廷-SS,10321431,2019-12-31 00:00:00,001,12-31,004013999,净流动资产,-320452754.08,2019-12-31 00:00:00,W
01270.HK,01270,朗廷-SS,10321431,2019-12-31 00:00:00,001,12-31,004015999,总资产减流动负债,15361097007.76,2019-12-31 00:00:00,W
01270.HK,01270,朗廷-SS,10321431,2019-12-31 00:00:00,001,12-31,004016999,总资产减总负债合计,8948651398.86,2019-12-31 00:00:00,W
01270.HK,01270,朗廷-SS,10321431,2019-12-31 00:00:00,001,12-31,004020001,长期贷款,6051590489.48,2019-12-31 00:00:00,W
01270.HK,01270,朗廷-SS,10321431,2019-12-31 00:00:00,001,12-31,004020003,递延税项负债,351463761.9,2019-12-31 00:00:00,W
01270.HK,01270,朗廷-SS,10321431,2019-12-31 00:00:00,001,12-31,004020013,衍生金融工具-负债,8638902.32,2019-12-31 00:00:00,W
01270.HK,01270,朗廷-SS,10321431,2019-12-31 00:00:00,001,12-31,004020997,非流动负债其他项目,752455.2,2019-12-31 00:00:00,W
01270.HK,01270,朗廷-SS,10321431,2019-12-31 00:00:00,001,12-31,004020999,非流动负债合计,6412445608.9,2019-12-31 00:00:00,W
01270.HK,01270,朗廷-SS,10321431,2019-12-31 00:00:00,001,12-31,004025999,总负债,6827867167.02,2019-12-31 00:00:00,W
01270.HK,01270,朗廷-SS,10321431,2019-12-31 00:00:00,001,12-31,004028999,净资产,8948651398.86,2019-12-31 00:00:00,W
01270.HK,01270,朗廷-SS,10321431,2019-12-31 00:00:00,001,12-31,004030001,股本,1913386.08,2019-12-31 00:00:00,W
01270.HK,01270,朗廷-SS,10321431,2019-12-31 00:00:00,001,12-31,004030002,储备,8946738012.78,2019-12-31 00:00:00,W
01270.HK,01270,朗廷-SS,10321431,2019-12-31 00:00:00,001,12-31,004030999,股东权益,8948651398.86,2019-12-31 00:00:00,W
01270.HK,01270,朗廷-SS,10321431,2019-12-31 00:00:00,001,12-31,004036999,总权益,8948651398.86,2019-12-31 00:00:00,W
01270.HK,01270,朗廷-SS,10321431,2019-12-31 00:00:00,001,12-31,004037999,总权益及非流动负债,15361097007.76,2019-12-31 00:00:00,W
01270.HK,01270,朗廷-SS,10321431,2019-12-31 00:00:00,001,12-31,004039999,总权益及总负债,15776518565.88,2019-12-31 00:00:00,W
01270.HK,01270,朗廷-SS,10321431,2018-12-31 00:00:00,001,12-31,004001002,物业厂房及设备,15771.6,2018-12-31 00:00:00,W
01270.HK,01270,朗廷-SS,10321431,2018-12-31 00:00:00,001,12-31,004001003,投资物业,17679087400.0,2018-12-31 00:00:00,W
01270.HK,01270,朗廷-SS,10321431,2018-12-31 00:00:00,001,12-31,004001023,衍生金融工具-资产,23589932.6,2018-12-31 00:00:00,W
01270.HK,01270,朗廷-SS,10321431,2018-12-31 00:00:00,001,12-31,004001999,非流动资产合计,17702693104.2,2018-12-31 00:00:00,W
01270.HK,01270,朗廷-SS,10321431,2018-12-31 00:00:00,001,12-31,004002005,预付款按金及其他应收款,66022546.2,2018-12-31 00:00:00,W
01270.HK,01270,朗廷-SS,10321431,2018-12-31 00:00:00,001,12-31,004002007,预缴及应收税项,28038.4,2018-12-31 00:00:00,W
01270.HK,01270,朗廷-SS,10321431,2018-12-31 00:00:00,001,12-31,004002010,现金及等价物,76125132.2,2018-12-31 00:00:00,W
01270.HK,01270,朗廷-SS,10321431,2018-12-31 00:00:00,001,12-31,004002015,衍生金融工具-资产(流动),,2018-12-31 00:00:00,W
01270.HK,01270,朗廷-SS,10321431,2018-12-31 00:00:00,001,12-31,004002999,流动资产合计,142175716.8,2018-12-31 00:00:00,W
01270.HK,01270,朗廷-SS,10321431,2018-12-31 00:00:00,001,12-31,004009999,总资产,17844868821.0,2018-12-31 00:00:00,W
01270.HK,01270,朗廷-SS,10321431,2018-12-31 00:00:00,001,12-31,004011001,应付帐款,53134520.4,2018-12-31 00:00:00,W
01270.HK,01270,朗廷-SS,10321431,2018-12-31 00:00:00,001,12-31,004011003,应付税项,31618553.2,2018-12-31 00:00:00,W
01270.HK,01270,朗廷-SS,10321431,2018-12-31 00:00:00,001,12-31,004011006,融资租赁负债(流动),,2018-12-31 00:00:00,W
01270.HK,01270,朗廷-SS,10321431,2018-12-31 00:00:00,001,12-31,004011010,短期贷款,144573000.0,2018-12-31 00:00:00,W
01270.HK,01270,朗廷-SS,10321431,2018-12-31 00:00:00,001,12-31,004011999,流动负债合计,229326073.6,2018-12-31 00:00:00,W
01270.HK,01270,朗廷-SS,10321431,2018-12-31 00:00:00,001,12-31,004013999,净流动资产,-87150356.8,2018-12-31 00:00:00,W
01270.HK,01270,朗廷-SS,10321431,2018-12-31 00:00:00,001,12-31,004015999,总资产减流动负债,17615542747.4,2018-12-31 00:00:00,W
01270.HK,01270,朗廷-SS,10321431,2018-12-31 00:00:00,001,12-31,004016999,总资产减总负债合计,11354339339.2,2018-12-31 00:00:00,W
01270.HK,01270,朗廷-SS,10321431,2018-12-31 00:00:00,001,12-31,004020001,长期贷款,5935901891.4,2018-12-31 00:00:00,W
01270.HK,01270,朗廷-SS,10321431,2018-12-31 00:00:00,001,12-31,004020003,递延税项负债,317512975.0,2018-12-31 00:00:00,W
01270.HK,01270,朗廷-SS,10321431,2018-12-31 00:00:00,001,12-31,004020013,衍生金融工具-负债,7788541.8,2018-12-31 00:00:00,W
01270.HK,01270,朗廷-SS,10321431,2018-12-31 00:00:00,001,12-31,004020997,非流动负债其他项目,,2018-12-31 00:00:00,W
01270.HK,01270,朗廷-SS,10321431,2018-12-31 00:00:00,001,12-31,004020999,非流动负债合计,6261203408.2,2018-12-31 00:00:00,W
01270.HK,01270,朗廷-SS,10321431,2018-12-31 00:00:00,001,12-31,004025999,总负债,6490529481.8,2018-12-31 00:00:00,W
01270.HK,01270,朗廷-SS,10321431,2018-12-31 00:00:00,001,12-31,004028999,净资产,11354339339.2,2018-12-31 00:00:00,W
01270.HK,01270,朗廷-SS,10321431,2018-12-31 00:00:00,001,12-31,004030001,股本,1848782.0,2018-12-31 00:00:00,W
01270.HK,01270,朗廷-SS,10321431,2018-12-31 00:00:00,001,12-31,004030002,储备,11352490557.2,2018-12-31 00:00:00,W
01270.HK,01270,朗廷-SS,10321431,2018-12-31 00:00:00,001,12-31,004030999,股东权益,11354339339.2,2018-12-31 00:00:00,W
01270.HK,01270,朗廷-SS,10321431,2018-12-31 00:00:00,001,12-31,004036999,总权益,11354339339.2,2018-12-31 00:00:00,W
01270.HK,01270,朗廷-SS,10321431,2018-12-31 00:00:00,001,12-31,004037999,总权益及非流动负债,17615542747.4,2018-12-31 00:00:00,W
01270.HK,01270,朗廷-SS,10321431,2018-12-31 00:00:00,001,12-31,004039999,总权益及总负债,17844868821.0,2018-12-31 00:00:00,W
01270.HK,01270,朗廷-SS,10321431,2017-12-31 00:00:00,001,12-31,004001002,物业厂房及设备,23405.48,2017-12-31 00:00:00,W
01270.HK,01270,朗廷-SS,10321431,2017-12-31 00:00:00,001,12-31,004001003,投资物业,16194084430.0,2017-12-31 00:00:00,W
01270.HK,01270,朗廷-SS,10321431,2017-12-31 00:00:00,001,12-31,004001023,衍生金融工具-资产,23656253.0,2017-12-31 00:00:00,W
01270.HK,01270,朗廷-SS,10321431,2017-12-31 00:00:00,001,12-31,004001999,非流动资产合计,16217764088.48,2017-12-31 00:00:00,W
01270.HK,01270,朗廷-SS,10321431,2017-12-31 00:00:00,001,12-31,004002005,预付款按金及其他应收款,96540081.81,2017-12-31 00:00:00,W
01270.HK,01270,朗廷-SS,10321431,2017-12-31 00:00:00,001,12-31,004002007,预缴及应收税项,,2017-12-31 00:00:00,W
01270.HK,01270,朗廷-SS,10321431,2017-12-31 00:00:00,001,12-31,004002010,现金及等价物,84490439.16,2017-12-31 00:00:00,W
01270.HK,01270,朗廷-SS,10321431,2017-12-31 00:00:00,001,12-31,004002999,流动资产合计,181030520.97,2017-12-31 00:00:00,W
01270.HK,01270,朗廷-SS,10321431,2017-12-31 00:00:00,001,12-31,004009999,总资产,16398794609.45,2017-12-31 00:00:00,W
01270.HK,01270,朗廷-SS,10321431,2017-12-31 00:00:00,001,12-31,004011001,应付帐款,81385869.42,2017-12-31 00:00:00,W
01270.HK,01270,朗廷-SS,10321431,2017-12-31 00:00:00,001,12-31,004011003,应付税项,19727476.0,2017-12-31 00:00:00,W
01270.HK,01270,朗廷-SS,10321431,2017-12-31 00:00:00,001,12-31,004011010,短期贷款,,2017-12-31 00:00:00,W
01270.HK,01270,朗廷-SS,10321431,2017-12-31 00:00:00,001,12-31,004011999,流动负债合计,101113345.42,2017-12-31 00:00:00,W
01270.HK,01270,朗廷-SS,10321431,2017-12-31 00:00:00,001,12-31,004013999,净流动资产,79917175.55,2017-12-31 00:00:00,W
01270.HK,01270,朗廷-SS,10321431,2017-12-31 00:00:00,001,12-31,004015999,总资产减流动负债,16297681264.03,2017-12-31 00:00:00,W
01270.HK,01270,朗廷-SS,10321431,2017-12-31 00:00:00,001,12-31,004016999,总资产减总负债合计,10374535851.88,2017-12-31 00:00:00,W
01270.HK,01270,朗廷-SS,10321431,2017-12-31 00:00:00,001,12-31,004020001,长期贷款,5647906998.27,2017-12-31 00:00:00,W
01270.HK,01270,朗廷-SS,10321431,2017-12-31 00:00:00,001,12-31,004020003,递延税项负债,275174884.72,2017-12-31 00:00:00,W
01270.HK,01270,朗廷-SS,10321431,2017-12-31 00:00:00,001,12-31,004020013,衍生金融工具-负债,63529.16,2017-12-31 00:00:00,W
01270.HK,01270,朗廷-SS,10321431,2017-12-31 00:00:00,001,12-31,004020999,非流动负债合计,5923145412.15,2017-12-31 00:00:00,W
01270.HK,01270,朗廷-SS,10321431,2017-12-31 00:00:00,001,12-31,004025999,总负债,6024258757.57,2017-12-31 00:00:00,W
01270.HK,01270,朗廷-SS,10321431,2017-12-31 00:00:00,001,12-31,004028999,净资产,10374535851.88,2017-12-31 00:00:00,W
01270.HK,01270,朗廷-SS,10321431,2017-12-31 00:00:00,001,12-31,004030001,股本,1746215.99,2017-12-31 00:00:00,W
01270.HK,01270,朗廷-SS,10321431,2017-12-31 00:00:00,001,12-31,004030002,储备,10372789635.89,2017-12-31 00:00:00,W
01270.HK,01270,朗廷-SS,10321431,2017-12-31 00:00:00,001,12-31,004030999,股东权益,10374535851.88,2017-12-31 00:00:00,W
01270.HK,01270,朗廷-SS,10321431,2017-12-31 00:00:00,001,12-31,004036999,总权益,10374535851.88,2017-12-31 00:00:00,W
01270.HK,01270,朗廷-SS,10321431,2017-12-31 00:00:00,001,12-31,004037999,总权益及非流动负债,16297681264.03,2017-12-31 00:00:00,W
01270.HK,01270,朗廷-SS,10321431,2017-12-31 00:00:00,001,12-31,004039999,总权益及总负债,16398794609.45,2017-12-31 00:00:00,W
01270.HK,01270,朗廷-SS,10321431,2016-12-31 00:00:00,001,12-31,004001002,物业厂房及设备,18784.71,2016-12-31 00:00:00,W
01270.HK,01270,朗廷-SS,10321431,2016-12-31 00:00:00,001,12-31,004001003,投资物业,16487608320.0,2016-12-31 00:00:00,W
01270.HK,01270,朗廷-SS,10321431,2016-12-31 00:00:00,001,12-31,004001023,衍生金融工具-资产,28440945.45,2016-12-31 00:00:00,W
01270.HK,01270,朗廷-SS,10321431,2016-12-31 00:00:00,001,12-31,004001999,非流动资产合计,16516068050.16,2016-12-31 00:00:00,W
01270.HK,01270,朗廷-SS,10321431,2016-12-31 00:00:00,001,12-31,004002005,预付款按金及其他应收款,108410139.45,2016-12-31 00:00:00,W
01270.HK,01270,朗廷-SS,10321431,2016-12-31 00:00:00,001,12-31,004002007,预缴及应收税项,54565.11,2016-12-31 00:00:00,W
01270.HK,01270,朗廷-SS,10321431,2016-12-31 00:00:00,001,12-31,004002010,现金及等价物,213316483.23,2016-12-31 00:00:00,W
01270.HK,01270,朗廷-SS,10321431,2016-12-31 00:00:00,001,12-31,004002999,流动资产合计,321781187.79,2016-12-31 00:00:00,W
01270.HK,01270,朗廷-SS,10321431,2016-12-31 00:00:00,001,12-31,004009999,总资产,16837849237.95,2016-12-31 00:00:00,W
01270.HK,01270,朗廷-SS,10321431,2016-12-31 00:00:00,001,12-31,004011001,应付帐款,70092014.58,2016-12-31 00:00:00,W
01270.HK,01270,朗廷-SS,10321431,2016-12-31 00:00:00,001,12-31,004011003,应付税项,29356029.18,2016-12-31 00:00:00,W
01270.HK,01270,朗廷-SS,10321431,2016-12-31 00:00:00,001,12-31,004011999,流动负债合计,99448043.76,2016-12-31 00:00:00,W
01270.HK,01270,朗廷-SS,10321431,2016-12-31 00:00:00,001,12-31,004013999,净流动资产,222333144.03,2016-12-31 00:00:00,W
01270.HK,01270,朗廷-SS,10321431,2016-12-31 00:00:00,001,12-31,004015999,总资产减流动负债,16738401194.19,2016-12-31 00:00:00,W
01270.HK,01270,朗廷-SS,10321431,2016-12-31 00:00:00,001,12-31,004016999,总资产减总负债合计,10444784478.93,2016-12-31 00:00:00,W
01270.HK,01270,朗廷-SS,10321431,2016-12-31 00:00:00,001,12-31,004020001,长期贷款,6027742402.47,2016-12-31 00:00:00,W
01270.HK,01270,朗廷-SS,10321431,2016-12-31 00:00:00,001,12-31,004020003,递延税项负债,265874312.79,2016-12-31 00:00:00,W
01270.HK,01270,朗廷-SS,10321431,2016-12-31 00:00:00,001,12-31,004020013,衍生金融工具-负债,,2016-12-31 00:00:00,W
01270.HK,01270,朗廷-SS,10321431,2016-12-31 00:00:00,001,12-31,004020999,非流动负债合计,6293616715.26,2016-12-31 00:00:00,W
01270.HK,01270,朗廷-SS,10321431,2016-12-31 00:00:00,001,12-31,004025999,总负债,6393064759.02,2016-12-31 00:00:00,W
01270.HK,01270,朗廷-SS,10321431,2016-12-31 00:00:00,001,12-31,004028999,净资产,10444784478.93,2016-12-31 00:00:00,W
01270.HK,01270,朗廷-SS,10321431,2016-12-31 00:00:00,001,12-31,004030001,股本,1848952.17,2016-12-31 00:00:00,W
01270.HK,01270,朗廷-SS,10321431,2016-12-31 00:00:00,001,12-31,004030002,储备,10442935526.76,2016-12-31 00:00:00,W
01270.HK,01270,朗廷-SS,10321431,2016-12-31 00:00:00,001,12-31,004030999,股东权益,10444784478.93,2016-12-31 00:00:00,W
01270.HK,01270,朗廷-SS,10321431,2016-12-31 00:00:00,001,12-31,004036999,总权益,10444784478.93,2016-12-31 00:00:00,W
01270.HK,01270,朗廷-SS,10321431,2016-12-31 00:00:00,001,12-31,004037999,总权益及非流动负债,16738401194.19,2016-12-31 00:00:00,W
01270.HK,01270,朗廷-SS,10321431,2016-12-31 00:00:00,001,12-31,004039999,总权益及总负债,16837849237.95,2016-12-31 00:00:00,W
01270.HK,01270,朗廷-SS,10321431,2015-12-31 00:00:00,001,12-31,004001002,物业厂房及设备,15917.82,2015-12-31 00:00:00,W
01270.HK,01270,朗廷-SS,10321431,2015-12-31 00:00:00,001,12-31,004001003,投资物业,15399234180.0,2015-12-31 00:00:00,W
01270.HK,01270,朗廷-SS,10321431,2015-12-31 00:00:00,001,12-31,004001023,衍生金融工具-资产,,2015-12-31 00:00:00,W
01270.HK,01270,朗廷-SS,10321431,2015-12-31 00:00:00,001,12-31,004001999,非流动资产合计,15399250097.82,2015-12-31 00:00:00,W
01270.HK,01270,朗廷-SS,10321431,2015-12-31 00:00:00,001,12-31,004002005,预付款按金及其他应收款,97310660.34,2015-12-31 00:00:00,W
01270.HK,01270,朗廷-SS,10321431,2015-12-31 00:00:00,001,12-31,004002007,预缴及应收税项,1395741.48,2015-12-31 00:00:00,W
01270.HK,01270,朗廷-SS,10321431,2015-12-31 00:00:00,001,12-31,004002009,受限制存款及现金,50320417.92,2015-12-31 00:00:00,W
01270.HK,01270,朗廷-SS,10321431,2015-12-31 00:00:00,001,12-31,004002010,现金及等价物,204529744.74,2015-12-31 00:00:00,W
01270.HK,01270,朗廷-SS,10321431,2015-12-31 00:00:00,001,12-31,004002999,流动资产合计,353556564.48,2015-12-31 00:00:00,W
01270.HK,01270,朗廷-SS,10321431,2015-12-31 00:00:00,001,12-31,004009999,总资产,15752806662.3,2015-12-31 00:00:00,W
01270.HK,01270,朗廷-SS,10321431,2015-12-31 00:00:00,001,12-31,004011001,应付帐款,72346491.9,2015-12-31 00:00:00,W
01270.HK,01270,朗廷-SS,10321431,2015-12-31 00:00:00,001,12-31,004011003,应付税项,76237.98,2015-12-31 00:00:00,W
01270.HK,01270,朗廷-SS,10321431,2015-12-31 00:00:00,001,12-31,004011010,短期贷款,5685188484.48,2015-12-31 00:00:00,W
01270.HK,01270,朗廷-SS,10321431,2015-12-31 00:00:00,001,12-31,004011999,流动负债合计,5757611214.36,2015-12-31 00:00:00,W
01270.HK,01270,朗廷-SS,10321431,2015-12-31 00:00:00,001,12-31,004013999,净流动资产,-5404054649.88,2015-12-31 00:00:00,W
01270.HK,01270,朗廷-SS,10321431,2015-12-31 00:00:00,001,12-31,004015999,总资产减流动负债,9995195447.94,2015-12-31 00:00:00,W
01270.HK,01270,朗廷-SS,10321431,2015-12-31 00:00:00,001,12-31,004016999,总资产减总负债合计,9786943446.66,2015-12-31 00:00:00,W
01270.HK,01270,朗廷-SS,10321431,2015-12-31 00:00:00,001,12-31,004020001,长期贷款,,2015-12-31 00:00:00,W
01270.HK,01270,朗廷-SS,10321431,2015-12-31 00:00:00,001,12-31,004020003,递延税项负债,208252001.28,2015-12-31 00:00:00,W
01270.HK,01270,朗廷-SS,10321431,2015-12-31 00:00:00,001,12-31,004020999,非流动负债合计,208252001.28,2015-12-31 00:00:00,W
01270.HK,01270,朗廷-SS,10321431,2015-12-31 00:00:00,001,12-31,004025999,总负债,5965863215.64,2015-12-31 00:00:00,W
01270.HK,01270,朗廷-SS,10321431,2015-12-31 00:00:00,001,12-31,004028999,净资产,9786943446.66,2015-12-31 00:00:00,W
01270.HK,01270,朗廷-SS,10321431,2015-12-31 00:00:00,001,12-31,004030001,股本,1711584.54,2015-12-31 00:00:00,W
01270.HK,01270,朗廷-SS,10321431,2015-12-31 00:00:00,001,12-31,004030002,储备,9785231862.12,2015-12-31 00:00:00,W
01270.HK,01270,朗廷-SS,10321431,2015-12-31 00:00:00,001,12-31,004030999,股东权益,9786943446.66,2015-12-31 00:00:00,W
01270.HK,01270,朗廷-SS,10321431,2015-12-31 00:00:00,001,12-31,004036999,总权益,9786943446.66,2015-12-31 00:00:00,W
01270.HK,01270,朗廷-SS,10321431,2015-12-31 00:00:00,001,12-31,004037999,总权益及非流动负债,9995195447.94,2015-12-31 00:00:00,W
01270.HK,01270,朗廷-SS,10321431,2015-12-31 00:00:00,001,12-31,004039999,总权益及总负债,15752806662.3,2015-12-31 00:00:00,W
01270.HK,01270,朗廷-SS,10321431,2014-12-31 00:00:00,001,12-31,004001002,物业厂房及设备,19721.75,2014-12-31 00:00:00,W
01270.HK,01270,朗廷-SS,10321431,2014-12-31 00:00:00,001,12-31,004001003,投资物业,13410790000.0,2014-12-31 00:00:00,W
01270.HK,01270,朗廷-SS,10321431,2014-12-31 00:00:00,001,12-31,004001999,非流动资产合计,13410809721.75,2014-12-31 00:00:00,W
01270.HK,01270,朗廷-SS,10321431,2014-12-31 00:00:00,001,12-31,004002003,应收帐款,43406782.88,2014-12-31 00:00:00,W
01270.HK,01270,朗廷-SS,10321431,2014-12-31 00:00:00,001,12-31,004002007,预缴及应收税项,223250.21,2014-12-31 00:00:00,W
01270.HK,01270,朗廷-SS,10321431,2014-12-31 00:00:00,001,12-31,004002009,受限制存款及现金,47332200.0,2014-12-31 00:00:00,W
01270.HK,01270,朗廷-SS,10321431,2014-12-31 00:00:00,001,12-31,004002010,现金及等价物,464840069.76,2014-12-31 00:00:00,W
01270.HK,01270,朗廷-SS,10321431,2014-12-31 00:00:00,001,12-31,004002999,流动资产合计,555802302.85,2014-12-31 00:00:00,W
01270.HK,01270,朗廷-SS,10321431,2014-12-31 00:00:00,001,12-31,004009999,总资产,13966612024.6,2014-12-31 00:00:00,W
01270.HK,01270,朗廷-SS,10321431,2014-12-31 00:00:00,001,12-31,004011001,应付帐款,66618493.76,2014-12-31 00:00:00,W
01270.HK,01270,朗廷-SS,10321431,2014-12-31 00:00:00,001,12-31,004011003,应付税项,48121.07,2014-12-31 00:00:00,W
01270.HK,01270,朗廷-SS,10321431,2014-12-31 00:00:00,001,12-31,004011010,短期贷款,,2014-12-31 00:00:00,W
01270.HK,01270,朗廷-SS,10321431,2014-12-31 00:00:00,001,12-31,004011999,流动负债合计,66666614.83,2014-12-31 00:00:00,W
01270.HK,01270,朗廷-SS,10321431,2014-12-31 00:00:00,001,12-31,004013999,净流动资产,489135688.02,2014-12-31 00:00:00,W
01270.HK,01270,朗廷-SS,10321431,2014-12-31 00:00:00,001,12-31,004015999,总资产减流动负债,13899945409.77,2014-12-31 00:00:00,W
01270.HK,01270,朗廷-SS,10321431,2014-12-31 00:00:00,001,12-31,004020001,长期贷款,5326462861.92,2014-12-31 00:00:00,W
01270.HK,01270,朗廷-SS,10321431,2014-12-31 00:00:00,001,12-31,004020003,递延税项负债,146374039.63,2014-12-31 00:00:00,W
01270.HK,01270,朗廷-SS,10321431,2014-12-31 00:00:00,001,12-31,004020999,非流动负债合计,5472836901.55,2014-12-31 00:00:00,W
01270.HK,01270,朗廷-SS,10321431,2014-12-31 00:00:00,001,12-31,004025999,总负债,5539503516.38,2014-12-31 00:00:00,W
01270.HK,01270,朗廷-SS,10321431,2014-12-31 00:00:00,001,12-31,004028999,净资产,8427108508.22,2014-12-31 00:00:00,W
01270.HK,01270,朗廷-SS,10321431,2014-12-31 00:00:00,001,12-31,004030001,股本,1595095.14,2014-12-31 00:00:00,W
01270.HK,01270,朗廷-SS,10321431,2014-12-31 00:00:00,001,12-31,004030002,储备,8425513413.08,2014-12-31 00:00:00,W
01270.HK,01270,朗廷-SS,10321431,2014-12-31 00:00:00,001,12-31,004030999,股东权益,8427108508.22,2014-12-31 00:00:00,W
01270.HK,01270,朗廷-SS,10321431,2014-12-31 00:00:00,001,12-31,004036999,总权益,8427108508.22,2014-12-31 00:00:00,W
01270.HK,01270,朗廷-SS,10321431,2014-12-31 00:00:00,001,12-31,004037999,总权益及非流动负债,13899945409.77,2014-12-31 00:00:00,W
01270.HK,01270,朗廷-SS,10321431,2014-12-31 00:00:00,001,12-31,004039999,总权益及总负债,13966612024.6,2014-12-31 00:00:00,W
01270.HK,01270,朗廷-SS,10321431,2013-12-31 00:00:00,001,12-31,004001002,物业厂房及设备,7076.07,2013-12-31 00:00:00,W
01270.HK,01270,朗廷-SS,10321431,2013-12-31 00:00:00,001,12-31,004001003,投资物业,13126896080.0,2013-12-31 00:00:00,W
01270.HK,01270,朗廷-SS,10321431,2013-12-31 00:00:00,001,12-31,004001999,非流动资产合计,13126903156.07,2013-12-31 00:00:00,W
01270.HK,01270,朗廷-SS,10321431,2013-12-31 00:00:00,001,12-31,004002003,应收帐款,104247021.93,2013-12-31 00:00:00,W
01270.HK,01270,朗廷-SS,10321431,2013-12-31 00:00:00,001,12-31,004002007,预缴及应收税项,1743071.91,2013-12-31 00:00:00,W
01270.HK,01270,朗廷-SS,10321431,2013-12-31 00:00:00,001,12-31,004002009,受限制存款及现金,,2013-12-31 00:00:00,W
01270.HK,01270,朗廷-SS,10321431,2013-12-31 00:00:00,001,12-31,004002010,现金及等价物,591191496.36,2013-12-31 00:00:00,W
01270.HK,01270,朗廷-SS,10321431,2013-12-31 00:00:00,001,12-31,004002999,流动资产合计,697181590.2,2013-12-31 00:00:00,W
01270.HK,01270,朗廷-SS,10321431,2013-12-31 00:00:00,001,12-31,004009999,总资产,13824084746.27,2013-12-31 00:00:00,W
01270.HK,01270,朗廷-SS,10321431,2013-12-31 00:00:00,001,12-31,004011001,应付帐款,54603673.5,2013-12-31 00:00:00,W
01270.HK,01270,朗廷-SS,10321431,2013-12-31 00:00:00,001,12-31,004011003,应付税项,27518.05,2013-12-31 00:00:00,W
01270.HK,01270,朗廷-SS,10321431,2013-12-31 00:00:00,001,12-31,004011999,流动负债合计,54631191.55,2013-12-31 00:00:00,W
01270.HK,01270,朗廷-SS,10321431,2013-12-31 00:00:00,001,12-31,004013999,净流动资产,642550398.65,2013-12-31 00:00:00,W
01270.HK,01270,朗廷-SS,10321431,2013-12-31 00:00:00,001,12-31,004015999,总资产减流动负债,13769453554.72,2013-12-31 00:00:00,W
01270.HK,01270,朗廷-SS,10321431,2013-12-31 00:00:00,001,12-31,004020001,长期贷款,5281905719.68,2013-12-31 00:00:00,W
01270.HK,01270,朗廷-SS,10321431,2013-12-31 00:00:00,001,12-31,004020003,递延税项负债,98280322.46,2013-12-31 00:00:00,W
01270.HK,01270,朗廷-SS,10321431,2013-12-31 00:00:00,001,12-31,004020999,非流动负债合计,5380186042.14,2013-12-31 00:00:00,W
01270.HK,01270,朗廷-SS,10321431,2013-12-31 00:00:00,001,12-31,004025999,总负债,5434817233.69,2013-12-31 00:00:00,W
01270.HK,01270,朗廷-SS,10321431,2013-12-31 00:00:00,001,12-31,004028999,净资产,8389267512.58,2013-12-31 00:00:00,W
01270.HK,01270,朗廷-SS,10321431,2013-12-31 00:00:00,001,12-31,004030001,股本,1573246.23,2013-12-31 00:00:00,W
01270.HK,01270,朗廷-SS,10321431,2013-12-31 00:00:00,001,12-31,004030002,储备,8387694266.35,2013-12-31 00:00:00,W
01270.HK,01270,朗廷-SS,10321431,2013-12-31 00:00:00,001,12-31,004030999,股东权益,8389267512.58,2013-12-31 00:00:00,W
01270.HK,01270,朗廷-SS,10321431,2013-12-31 00:00:00,001,12-31,004036999,总权益,8389267512.58,2013-12-31 00:00:00,W
01270.HK,01270,朗廷-SS,10321431,2013-12-31 00:00:00,001,12-31,004037999,总权益及非流动负债,13769453554.72,2013-12-31 00:00:00,W
01270.HK,01270,朗廷-SS,10321431,2013-12-31 00:00:00,001,12-31,004039999,总权益及总负债,13824084746.27,2013-12-31 00:00:00,W
01270.HK,01270,朗廷-SS,10321431,2012-12-31 00:00:00,001,12-31,004001002,物业厂房及设备,3292142626.05,2012-12-31 00:00:00,W
01270.HK,01270,朗廷-SS,10321431,2012-12-31 00:00:00,001,12-31,004001003,投资物业,,2012-12-31 00:00:00,W
01270.HK,01270,朗廷-SS,10321431,2012-12-31 00:00:00,001,12-31,004001011,长期应收款,813603646.6,2012-12-31 00:00:00,W
01270.HK,01270,朗廷-SS,10321431,2012-12-31 00:00:00,001,12-31,004001027,可供出售投资,44273220.85,2012-12-31 00:00:00,W
01270.HK,01270,朗廷-SS,10321431,2012-12-31 00:00:00,001,12-31,004001999,非流动资产合计,4150019493.5,2012-12-31 00:00:00,W
01270.HK,01270,朗廷-SS,10321431,2012-12-31 00:00:00,001,12-31,004002001,存货,10936744.8,2012-12-31 00:00:00,W
01270.HK,01270,朗廷-SS,10321431,2012-12-31 00:00:00,001,12-31,004002005,预付款按金及其他应收款,66887016.5,2012-12-31 00:00:00,W
01270.HK,01270,朗廷-SS,10321431,2012-12-31 00:00:00,001,12-31,004002006,应收关联方款项,48812359.15,2012-12-31 00:00:00,W
01270.HK,01270,朗廷-SS,10321431,2012-12-31 00:00:00,001,12-31,004002007,预缴及应收税项,,2012-12-31 00:00:00,W
01270.HK,01270,朗廷-SS,10321431,2012-12-31 00:00:00,001,12-31,004002010,现金及等价物,25586371.75,2012-12-31 00:00:00,W
01270.HK,01270,朗廷-SS,10321431,2012-12-31 00:00:00,001,12-31,004002999,流动资产合计,152222492.2,2012-12-31 00:00:00,W
01270.HK,01270,朗廷-SS,10321431,2012-12-31 00:00:00,001,12-31,004009999,总资产,4302241985.7,2012-12-31 00:00:00,W
01270.HK,01270,朗廷-SS,10321431,2012-12-31 00:00:00,001,12-31,004011001,应付帐款,208373043.85,2012-12-31 00:00:00,W
01270.HK,01270,朗廷-SS,10321431,2012-12-31 00:00:00,001,12-31,004011003,应付税项,3399083.2,2012-12-31 00:00:00,W
01270.HK,01270,朗廷-SS,10321431,2012-12-31 00:00:00,001,12-31,004011005,应付关联方款项(流动),426293846.45,2012-12-31 00:00:00,W
01270.HK,01270,朗廷-SS,10321431,2012-12-31 00:00:00,001,12-31,004011010,短期贷款,23944400.5,2012-12-31 00:00:00,W
01270.HK,01270,朗廷-SS,10321431,2012-12-31 00:00:00,001,12-31,004011999,流动负债合计,662010374.0,2012-12-31 00:00:00,W
01270.HK,01270,朗廷-SS,10321431,2012-12-31 00:00:00,001,12-31,004013999,净流动资产,-509787881.8,2012-12-31 00:00:00,W
01270.HK,01270,朗廷-SS,10321431,2012-12-31 00:00:00,001,12-31,004015999,总资产减流动负债,3640231611.7,2012-12-31 00:00:00,W
01270.HK,01270,朗廷-SS,10321431,2012-12-31 00:00:00,001,12-31,004020001,长期贷款,128878931.55,2012-12-31 00:00:00,W
01270.HK,01270,朗廷-SS,10321431,2012-12-31 00:00:00,001,12-31,004020003,递延税项负债,69743641.05,2012-12-31 00:00:00,W
01270.HK,01270,朗廷-SS,10321431,2012-12-31 00:00:00,001,12-31,004020004,应付关联方款项(非流动),3983414144.0,2012-12-31 00:00:00,W
01270.HK,01270,朗廷-SS,10321431,2012-12-31 00:00:00,001,12-31,004020999,非流动负债合计,4182036716.6,2012-12-31 00:00:00,W
01270.HK,01270,朗廷-SS,10321431,2012-12-31 00:00:00,001,12-31,004025999,总负债,4844047090.6,2012-12-31 00:00:00,W
01270.HK,01270,朗廷-SS,10321431,2012-12-31 00:00:00,001,12-31,004028999,净资产,-541805104.9,2012-12-31 00:00:00,W
01270.HK,01270,朗廷-SS,10321431,2012-12-31 00:00:00,001,12-31,004030001,股本,6486.8,2012-12-31 00:00:00,W
01270.HK,01270,朗廷-SS,10321431,2012-12-31 00:00:00,001,12-31,004030002,储备,-541811591.7,2012-12-31 00:00:00,W
01270.HK,01270,朗廷-SS,10321431,2012-12-31 00:00:00,001,12-31,004030999,股东权益,-541805104.9,2012-12-31 00:00:00,W
01270.HK,01270,朗廷-SS,10321431,2012-12-31 00:00:00,001,12-31,004036999,总权益,-541805104.9,2012-12-31 00:00:00,W
01270.HK,01270,朗廷-SS,10321431,2012-12-31 00:00:00,001,12-31,004037999,总权益及非流动负债,3640231611.7,2012-12-31 00:00:00,W
01270.HK,01270,朗廷-SS,10321431,2012-12-31 00:00:00,001,12-31,004039999,总权益及总负债,4302241985.7,2012-12-31 00:00:00,W
01270.HK,01270,朗廷-SS,10321431,2011-12-31 00:00:00,001,12-31,004001002,物业厂房及设备,3331747571.9,2011-12-31 00:00:00,W
01270.HK,01270,朗廷-SS,10321431,2011-12-31 00:00:00,001,12-31,004001011,长期应收款,790438985.6,2011-12-31 00:00:00,W
01270.HK,01270,朗廷-SS,10321431,2011-12-31 00:00:00,001,12-31,004001027,可供出售投资,37102496.2,2011-12-31 00:00:00,W
01270.HK,01270,朗廷-SS,10321431,2011-12-31 00:00:00,001,12-31,004001999,非流动资产合计,4159289053.7,2011-12-31 00:00:00,W
01270.HK,01270,朗廷-SS,10321431,2011-12-31 00:00:00,001,12-31,004002001,存货,12229409.5,2011-12-31 00:00:00,W
01270.HK,01270,朗廷-SS,10321431,2011-12-31 00:00:00,001,12-31,004002003,应收帐款,57186778.0,2011-12-31 00:00:00,W
01270.HK,01270,朗廷-SS,10321431,2011-12-31 00:00:00,001,12-31,004002006,应收关联方款项,45911562.4,2011-12-31 00:00:00,W
01270.HK,01270,朗廷-SS,10321431,2011-12-31 00:00:00,001,12-31,004002010,现金及等价物,32608786.1,2011-12-31 00:00:00,W
01270.HK,01270,朗廷-SS,10321431,2011-12-31 00:00:00,001,12-31,004002999,流动资产合计,147936536.0,2011-12-31 00:00:00,W
01270.HK,01270,朗廷-SS,10321431,2011-12-31 00:00:00,001,12-31,004009999,总资产,4307225589.7,2011-12-31 00:00:00,W
01270.HK,01270,朗廷-SS,10321431,2011-12-31 00:00:00,001,12-31,004011001,应付帐款,207257887.1,2011-12-31 00:00:00,W
01270.HK,01270,朗廷-SS,10321431,2011-12-31 00:00:00,001,12-31,004011003,应付税项,7290625.1,2011-12-31 00:00:00,W
01270.HK,01270,朗廷-SS,10321431,2011-12-31 00:00:00,001,12-31,004011005,应付关联方款项(流动),351886767.1,2011-12-31 00:00:00,W
01270.HK,01270,朗廷-SS,10321431,2011-12-31 00:00:00,001,12-31,004011010,短期贷款,23939971.0,2011-12-31 00:00:00,W
01270.HK,01270,朗廷-SS,10321431,2011-12-31 00:00:00,001,12-31,004011999,流动负债合计,590375250.3,2011-12-31 00:00:00,W
01270.HK,01270,朗廷-SS,10321431,2011-12-31 00:00:00,001,12-31,004013999,净流动资产,-442438714.3,2011-12-31 00:00:00,W
01270.HK,01270,朗廷-SS,10321431,2011-12-31 00:00:00,001,12-31,004015999,总资产减流动负债,3716850339.4,2011-12-31 00:00:00,W
01270.HK,01270,朗廷-SS,10321431,2011-12-31 00:00:00,001,12-31,004020001,长期贷款,152795061.1,2011-12-31 00:00:00,W
01270.HK,01270,朗廷-SS,10321431,2011-12-31 00:00:00,001,12-31,004020003,递延税项负债,55646448.0,2011-12-31 00:00:00,W
01270.HK,01270,朗廷-SS,10321431,2011-12-31 00:00:00,001,12-31,004020004,应付关联方款项(非流动),4260349294.3,2011-12-31 00:00:00,W
01270.HK,01270,朗廷-SS,10321431,2011-12-31 00:00:00,001,12-31,004020999,非流动负债合计,4468790803.4,2011-12-31 00:00:00,W
01270.HK,01270,朗廷-SS,10321431,2011-12-31 00:00:00,001,12-31,004025999,总负债,5059166053.7,2011-12-31 00:00:00,W
01270.HK,01270,朗廷-SS,10321431,2011-12-31 00:00:00,001,12-31,004028999,净资产,-751940464.0,2011-12-31 00:00:00,W
01270.HK,01270,朗廷-SS,10321431,2011-12-31 00:00:00,001,12-31,004030001,股本,6485.6,2011-12-31 00:00:00,W
01270.HK,01270,朗廷-SS,10321431,2011-12-31 00:00:00,001,12-31,004030002,储备,-751946949.6,2011-12-31 00:00:00,W
01270.HK,01270,朗廷-SS,10321431,2011-12-31 00:00:00,001,12-31,004030999,股东权益,-751940464.0,2011-12-31 00:00:00,W
01270.HK,01270,朗廷-SS,10321431,2011-12-31 00:00:00,001,12-31,004036999,总权益,-751940464.0,2011-12-31 00:00:00,W
01270.HK,01270,朗廷-SS,10321431,2011-12-31 00:00:00,001,12-31,004037999,总权益及非流动负债,3716850339.4,2011-12-31 00:00:00,W
01270.HK,01270,朗廷-SS,10321431,2011-12-31 00:00:00,001,12-31,004039999,总权益及总负债,4307225589.7,2011-12-31 00:00:00,W
01270.HK,01270,朗廷-SS,10321431,2010-12-31 00:00:00,001,12-31,004001002,物业厂房及设备,3594221102.82,2010-12-31 00:00:00,W
01270.HK,01270,朗廷-SS,10321431,2010-12-31 00:00:00,001,12-31,004001011,长期应收款,768206840.05,2010-12-31 00:00:00,W
01270.HK,01270,朗廷-SS,10321431,2010-12-31 00:00:00,001,12-31,004001027,可供出售投资,48911456.4,2010-12-31 00:00:00,W
01270.HK,01270,朗廷-SS,10321431,2010-12-31 00:00:00,001,12-31,004001999,非流动资产合计,4411339399.27,2010-12-31 00:00:00,W
01270.HK,01270,朗廷-SS,10321431,2010-12-31 00:00:00,001,12-31,004002001,存货,10482606.67,2010-12-31 00:00:00,W
01270.HK,01270,朗廷-SS,10321431,2010-12-31 00:00:00,001,12-31,004002003,应收帐款,56671938.0,2010-12-31 00:00:00,W
01270.HK,01270,朗廷-SS,10321431,2010-12-31 00:00:00,001,12-31,004002006,应收关联方款项,43405088.37,2010-12-31 00:00:00,W
01270.HK,01270,朗廷-SS,10321431,2010-12-31 00:00:00,001,12-31,004002010,现金及等价物,23729033.98,2010-12-31 00:00:00,W
01270.HK,01270,朗廷-SS,10321431,2010-12-31 00:00:00,001,12-31,004002999,流动资产合计,134288667.02,2010-12-31 00:00:00,W
01270.HK,01270,朗廷-SS,10321431,2010-12-31 00:00:00,001,12-31,004009999,总资产,4545628066.29,2010-12-31 00:00:00,W
01270.HK,01270,朗廷-SS,10321431,2010-12-31 00:00:00,001,12-31,004011001,应付帐款,181568890.61,2010-12-31 00:00:00,W
01270.HK,01270,朗廷-SS,10321431,2010-12-31 00:00:00,001,12-31,004011003,应付税项,6329217.34,2010-12-31 00:00:00,W
01270.HK,01270,朗廷-SS,10321431,2010-12-31 00:00:00,001,12-31,004011005,应付关联方款项(流动),1014166454.69,2010-12-31 00:00:00,W
01270.HK,01270,朗廷-SS,10321431,2010-12-31 00:00:00,001,12-31,004011010,短期贷款,187204600.0,2010-12-31 00:00:00,W
01270.HK,01270,朗廷-SS,10321431,2010-12-31 00:00:00,001,12-31,004011999,流动负债合计,1389269162.64,2010-12-31 00:00:00,W
01270.HK,01270,朗廷-SS,10321431,2010-12-31 00:00:00,001,12-31,004013999,净流动资产,-1254980495.62,2010-12-31 00:00:00,W
01270.HK,01270,朗廷-SS,10321431,2010-12-31 00:00:00,001,12-31,004015999,总资产减流动负债,3156358903.65,2010-12-31 00:00:00,W
01270.HK,01270,朗廷-SS,10321431,2010-12-31 00:00:00,001,12-31,004020001,长期贷款,,2010-12-31 00:00:00,W
01270.HK,01270,朗廷-SS,10321431,2010-12-31 00:00:00,001,12-31,004020003,递延税项负债,58550791.44,2010-12-31 00:00:00,W
01270.HK,01270,朗廷-SS,10321431,2010-12-31 00:00:00,001,12-31,004020004,应付关联方款项(非流动),4091738600.57,2010-12-31 00:00:00,W
01270.HK,01270,朗廷-SS,10321431,2010-12-31 00:00:00,001,12-31,004020999,非流动负债合计,4150289392.01,2010-12-31 00:00:00,W
01270.HK,01270,朗廷-SS,10321431,2010-12-31 00:00:00,001,12-31,004025999,总负债,5539558554.65,2010-12-31 00:00:00,W
01270.HK,01270,朗廷-SS,10321431,2010-12-31 00:00:00,001,12-31,004028999,净资产,-993930488.36,2010-12-31 00:00:00,W
01270.HK,01270,朗廷-SS,10321431,2010-12-31 00:00:00,001,12-31,004030001,股本,6807.44,2010-12-31 00:00:00,W
01270.HK,01270,朗廷-SS,10321431,2010-12-31 00:00:00,001,12-31,004030002,储备,-993937295.8,2010-12-31 00:00:00,W
01270.HK,01270,朗廷-SS,10321431,2010-12-31 00:00:00,001,12-31,004030999,股东权益,-993930488.36,2010-12-31 00:00:00,W
01270.HK,01270,朗廷-SS,10321431,2010-12-31 00:00:00,001,12-31,004036999,总权益,-993930488.36,2010-12-31 00:00:00,W
01270.HK,01270,朗廷-SS,10321431,2010-12-31 00:00:00,001,12-31,004037999,总权益及非流动负债,3156358903.65,2010-12-31 00:00:00,W
01270.HK,01270,朗廷-SS,10321431,2010-12-31 00:00:00,001,12-31,004039999,总权益及总负债,4545628066.29,2010-12-31 00:00:00,W
